,Date,Close,Close,Close
1,3/2/2015 16:00:00,79.75,32.27,43.88
2,3/3/2015 16:00:00,79.6,32.34,43.28
3,3/4/2015 16:00:00,80.9,32.14,43.06
4,3/5/2015 16:00:00,81.21,31.6,43.11
5,3/6/2015 16:00:00,80.01,31.65,42.36
6,3/9/2015 16:00:00,79.44,31.79,42.85
7,3/10/2015 16:00:00,77.55,31.13,42.03
8,3/11/2015 16:00:00,77.57,30.56,41.98
9,3/12/2015 16:00:00,78.93,31.11,41.02
10,3/13/2015 16:00:00,78.05,30.9,41.38
11,3/16/2015 16:00:00,78.07,31.24,41.56
12,3/17/2015 16:00:00,79.36,31.76,41.7
13,3/18/2015 16:00:00,80.91,32.12,42.5
14,3/19/2015 16:00:00,82.75,31.87,42.29
15,3/20/2015 16:00:00,83.8,31.48,42.88
16,3/23/2015 16:00:00,84.43,31.8,42.86
17,3/24/2015 16:00:00,85.31,31.67,42.9
18,3/25/2015 16:00:00,82.92,30.85,41.46
19,3/26/2015 16:00:00,83.01,31.06,41.21
20,3/27/2015 16:00:00,83.3,30.81,40.97
21,3/30/2015 16:00:00,83.2,31.59,40.96
22,3/31/2015 16:00:00,82.22,31.11,40.66
23,4/1/2015 16:00:00,81.67,31.06,40.72
24,4/2/2015 16:00:00,81.56,31.33,40.29
25,4/6/2015 16:00:00,82.44,31.84,41.55
26,4/7/2015 16:00:00,82.32,31.5,41.53
27,4/8/2015 16:00:00,82.28,31.4,41.42
28,4/9/2015 16:00:00,82.17,31.64,41.48
29,4/10/2015 16:00:00,82.04,31.78,41.72
30,4/13/2015 16:00:00,83.01,31.71,41.76
31,4/14/2015 16:00:00,83.52,31.58,41.65
32,4/15/2015 16:00:00,82.71,31.7,42.26
33,4/16/2015 16:00:00,82.31,31.54,42.16
34,4/17/2015 16:00:00,80.78,31.19,41.62
35,4/20/2015 16:00:00,83.09,31.9,42.91
36,4/21/2015 16:00:00,83.62,31.73,42.64
37,4/22/2015 16:00:00,84.63,32.16,42.99
38,4/23/2015 16:00:00,82.41,32.42,43.34
39,4/24/2015 16:00:00,81.53,32.57,47.87
40,4/27/2015 16:00:00,81.91,33.16,48.03
41,4/28/2015 16:00:00,80.68,32.64,49.16
42,4/29/2015 16:00:00,80.47,32.16,49.06
43,4/30/2015 16:00:00,78.77,31.29,48.64
44,5/1/2015 16:00:00,78.99,32.24,48.66
45,5/4/2015 16:00:00,78.81,32.17,48.24
46,5/5/2015 16:00:00,77.56,31.45,47.6
47,5/6/2015 16:00:00,78.1,31.25,46.28
48,5/7/2015 16:00:00,78.43,31.32,46.7
49,5/8/2015 16:00:00,78.51,31.91,47.75
50,5/11/2015 16:00:00,78.01,31.58,47.37
51,5/12/2015 16:00:00,77.46,31.47,47.35
52,5/13/2015 16:00:00,78.44,31.5,47.63
53,5/14/2015 16:00:00,81.37,32.24,48.72
54,5/15/2015 16:00:00,80.42,32.19,48.3
55,5/18/2015 16:00:00,80.88,32.55,48.01
56,5/19/2015 16:00:00,80.63,32.52,47.58
57,5/20/2015 16:00:00,80.55,32.52,47.58
58,5/21/2015 16:00:00,80.48,32.85,47.42
59,5/22/2015 16:00:00,80.54,33.14,46.9
60,5/26/2015 16:00:00,79.33,32.41,46.59
61,5/27/2015 16:00:00,80.55,33.01,47.61
62,5/28/2015 16:00:00,80.15,32.95,47.45
63,5/29/2015 16:00:00,79.19,32.57,46.86
64,6/1/2015 16:00:00,80.29,32.63,47.23
65,6/2/2015 16:00:00,80.44,32.49,46.92
66,6/3/2015 16:00:00,82.44,32.53,46.85
67,6/4/2015 16:00:00,82.05,32.34,46.36
68,6/5/2015 16:00:00,82.14,32.16,46.14
69,6/8/2015 16:00:00,80.67,31.95,45.73
70,6/9/2015 16:00:00,80.67,31.86,45.65
71,6/10/2015 16:00:00,82.16,32.22,46.61
72,6/11/2015 16:00:00,81.83,32.15,46.44
73,6/12/2015 16:00:00,81.53,31.79,45.97
74,6/15/2015 16:00:00,80.71,31.73,45.48
75,6/16/2015 16:00:00,81.06,31.9,45.83
76,6/17/2015 16:00:00,81.79,31.83,45.97
77,6/18/2015 16:00:00,82.91,31.97,46.72
78,6/19/2015 16:00:00,82.51,31.65,46.1
79,6/22/2015 16:00:00,84.74,31.9,46.23
80,6/23/2015 16:00:00,87.88,31.76,45.91
81,6/24/2015 16:00:00,88.86,32.03,45.64
82,6/25/2015 16:00:00,87.98,31.88,45.65
83,6/26/2015 16:00:00,88.01,31.69,45.26
84,6/29/2015 16:00:00,85.8,31.13,44.37
85,6/30/2015 16:00:00,85.77,31.36,44.15
86,7/1/2015 16:00:00,86.91,31.65,44.45
87,7/2/2015 16:00:00,87.29,31.61,44.4
88,7/6/2015 16:00:00,87.55,31.5,44.39
89,7/7/2015 16:00:00,87.22,31.42,44.3
90,7/8/2015 16:00:00,85.65,30.64,44.24
91,7/9/2015 16:00:00,85.88,30.02,44.52
92,7/10/2015 16:00:00,87.95,30.82,44.61
93,7/13/2015 16:00:00,90.1,31.42,45.54
94,7/14/2015 16:00:00,89.68,31.4,45.62
95,7/15/2015 16:00:00,89.76,31.71,45.76
96,7/16/2015 16:00:00,90.85,32.13,46.66
97,7/17/2015 16:00:00,94.97,32.41,46.62
98,7/20/2015 16:00:00,97.91,33.02,46.92
99,7/21/2015 16:00:00,98.39,32.69,47.28
100,7/22/2015 16:00:00,97.04,31.31,45.54
101,7/23/2015 16:00:00,95.44,31.29,46.11
102,7/24/2015 16:00:00,96.95,31.13,45.94
103,7/27/2015 16:00:00,94.17,30.69,45.35
104,7/28/2015 16:00:00,95.29,30.85,45.34
105,7/29/2015 16:00:00,96.99,30.75,46.29
106,7/30/2015 16:00:00,95.21,30.59,46.88
107,7/31/2015 16:00:00,94.01,30.33,46.7
108,8/3/2015 16:00:00,94.14,29.61,46.81
109,8/4/2015 16:00:00,94.06,28.66,47.54
110,8/5/2015 16:00:00,96.44,28.85,47.58
111,8/6/2015 16:00:00,95.12,28.78,46.62
112,8/7/2015 16:00:00,94.3,28.88,46.74
113,8/10/2015 16:00:00,94.15,29.93,47.33
114,8/11/2015 16:00:00,93.62,28.37,46.41
115,8/12/2015 16:00:00,94.19,28.81,46.74
116,8/13/2015 16:00:00,93.43,28.79,46.73
117,8/14/2015 16:00:00,94.42,28.99,47
118,8/17/2015 16:00:00,93.93,29.29,47.32
119,8/18/2015 16:00:00,95.17,29.13,47.27
120,8/19/2015 16:00:00,95.31,28.75,46.61
121,8/20/2015 16:00:00,90.56,28.16,45.66
122,8/21/2015 16:00:00,86.06,26.44,43.07
123,8/24/2015 16:00:00,82.09,25.78,41.68
124,8/25/2015 16:00:00,83,25.94,40.47
125,8/26/2015 16:00:00,87.19,27.42,42.71
126,8/27/2015 16:00:00,89.73,28.23,43.9
127,8/28/2015 16:00:00,91.01,28.32,43.93
128,8/31/2015 16:00:00,89.43,28.19,43.52
129,9/1/2015 16:00:00,87.23,26.93,41.82
130,9/2/2015 16:00:00,89.89,28.09,43.36
131,9/3/2015 16:00:00,88.15,27.59,43.5
132,9/4/2015 16:00:00,88.26,27.32,42.61
133,9/8/2015 16:00:00,89.53,28.08,43.89
134,9/9/2015 16:00:00,90.44,27.54,43.07
135,9/10/2015 16:00:00,91.98,28.14,43.29
136,9/11/2015 16:00:00,92.05,28.55,43.48
137,9/14/2015 16:00:00,92.31,28.83,43.04
138,9/15/2015 16:00:00,92.9,29.07,43.98
139,9/16/2015 16:00:00,93.45,29.1,44.3
140,9/17/2015 16:00:00,94.34,28.48,44.25
141,9/18/2015 16:00:00,94.4,28.36,43.48
142,9/21/2015 16:00:00,95.55,28.8,44.11
143,9/22/2015 16:00:00,92.96,28.35,43.9
144,9/23/2015 16:00:00,93.97,28.58,43.87
145,9/24/2015 16:00:00,94.41,28.75,43.91
146,9/25/2015 16:00:00,92.77,28.68,43.94
147,9/28/2015 16:00:00,89.21,28.11,43.29
148,9/29/2015 16:00:00,86.67,27.27,43.44
149,9/30/2015 16:00:00,89.9,27.58,44.26
150,10/1/2015 16:00:00,90.95,27.4,44.61
151,10/2/2015 16:00:00,92.07,27.6,45.57
152,10/5/2015 16:00:00,94.01,27.7,46.63
153,10/6/2015 16:00:00,92.8,27.83,46.75
154,10/7/2015 16:00:00,92.4,27.7,46.8
155,10/8/2015 16:00:00,92.47,27.38,47.45
156,10/9/2015 16:00:00,93.24,28.03,47.11
157,10/12/2015 16:00:00,94.26,27.9,47
158,10/13/2015 16:00:00,94.12,27.95,46.89
159,10/14/2015 16:00:00,94.07,27.55,46.68
160,10/15/2015 16:00:00,95.96,27.97,47.01
161,10/16/2015 16:00:00,97.54,27.76,47.51
162,10/19/2015 16:00:00,98.47,27.93,47.62
163,10/20/2015 16:00:00,97,28.44,47.77
164,10/21/2015 16:00:00,97.11,28.44,47.2
165,10/22/2015 16:00:00,99.67,28.88,48.03
166,10/23/2015 16:00:00,102.19,29.77,52.87
167,10/26/2015 16:00:00,103.77,28.82,54.25
168,10/27/2015 16:00:00,103.7,28.64,53.69
169,10/28/2015 16:00:00,104.2,29.82,53.98
170,10/29/2015 16:00:00,104.88,30.13,53.36
171,10/30/2015 16:00:00,101.97,29.88,52.64
172,11/2/2015 16:00:00,103.31,30.3,53.24
173,11/3/2015 16:00:00,102.58,30.64,54.15
174,11/4/2015 16:00:00,103.94,30.5,54.4
175,11/5/2015 16:00:00,108.76,30.23,54.38
176,11/6/2015 16:00:00,107.1,30.27,54.92
177,11/9/2015 16:00:00,106.49,30.14,54.16
178,11/10/2015 16:00:00,107.91,29.19,53.51
179,11/11/2015 16:00:00,109.01,29.03,53.65
180,11/12/2015 16:00:00,108.02,28.93,53.32
181,11/13/2015 16:00:00,103.95,28.09,52.84
182,11/16/2015 16:00:00,104.04,28.54,53.77
183,11/17/2015 16:00:00,105.13,28.42,52.97
184,11/18/2015 16:00:00,107.77,29.32,53.85
185,11/19/2015 16:00:00,106.26,29.7,53.94
186,11/20/2015 16:00:00,107.32,29.83,54.19
187,11/23/2015 16:00:00,106.95,29.44,54.19
188,11/24/2015 16:00:00,105.74,29.72,54.25
189,11/25/2015 16:00:00,105.41,29.51,53.69
190,11/27/2015 16:00:00,105.45,29.45,53.93
191,11/30/2015 16:00:00,104.24,29.58,54.35
192,12/1/2015 16:00:00,107.12,29.34,55.22
193,12/2/2015 16:00:00,106.07,29.07,55.21
194,12/3/2015 16:00:00,104.38,28.8,54.2
195,12/4/2015 16:00:00,106.18,29.76,55.91
196,12/7/2015 16:00:00,105.61,29.57,55.81
197,12/8/2015 16:00:00,106.49,29.56,55.79
198,12/9/2015 16:00:00,104.6,28.91,54.98
199,12/10/2015 16:00:00,105.42,29.04,55.27
200,12/11/2015 16:00:00,102.12,28.3,54.06
201,12/14/2015 16:00:00,104.66,28.12,55.14
202,12/15/2015 16:00:00,104.55,27.62,55.2
203,12/16/2015 16:00:00,106.79,27.84,56.13
204,12/17/2015 16:00:00,106.22,27.25,55.7
205,12/18/2015 16:00:00,104.04,26.51,54.13
206,12/21/2015 16:00:00,104.77,26.83,54.83
207,12/22/2015 16:00:00,105.51,26.81,55.35
208,12/23/2015 16:00:00,104.63,27.15,55.82
209,12/24/2015 16:00:00,105.02,27.01,55.67
210,12/28/2015 16:00:00,105.93,26.71,55.95
211,12/29/2015 16:00:00,107.26,27.19,56.55
212,12/30/2015 16:00:00,106.22,26.83,56.31
213,12/31/2015 16:00:00,104.66,26.32,55.48
214,1/4/2016 16:00:00,102.22,26.34,54.8
215,1/5/2016 16:00:00,102.73,25.68,55.05
216,1/6/2016 16:00:00,102.97,25.18,54.05
217,1/7/2016 16:00:00,97.92,24.11,52.17
218,1/8/2016 16:00:00,97.33,24.24,52.33
219,1/11/2016 16:00:00,97.51,24.63,52.3
220,1/12/2016 16:00:00,99.37,24.99,52.78
221,1/13/2016 16:00:00,95.44,24.35,51.64
222,1/14/2016 16:00:00,98.37,24.88,53.11
223,1/15/2016 16:00:00,94.97,24.28,50.99
224,1/19/2016 16:00:00,95.26,24.17,50.56
225,1/20/2016 16:00:00,94.35,24.2,50.79
226,1/21/2016 16:00:00,94.16,24.08,50.48
227,1/22/2016 16:00:00,97.94,25.36,52.29
228,1/25/2016 16:00:00,97.01,24.86,51.79
229,1/26/2016 16:00:00,97.34,25,52.17
230,1/27/2016 16:00:00,94.45,23.36,51.22
231,1/28/2016 16:00:00,109.11,23.52,52.06
232,1/29/2016 16:00:00,112.21,24.34,55.09
233,2/1/2016 16:00:00,115.09,24.11,54.71
234,2/2/2016 16:00:00,114.61,23.62,53
235,2/3/2016 16:00:00,112.69,24.09,52.16
236,2/4/2016 16:00:00,110.49,24.15,52
237,2/5/2016 16:00:00,104.07,23.51,50.16
238,2/8/2016 16:00:00,99.75,23.75,49.41
239,2/9/2016 16:00:00,99.54,23.75,49.28
240,2/10/2016 16:00:00,101,23.57,49.71
241,2/11/2016 16:00:00,101.91,23.43,49.69
242,2/12/2016 16:00:00,102.01,23.5,50.5
243,2/16/2016 16:00:00,101.61,24.16,51.09
244,2/17/2016 16:00:00,105.2,24.53,52.42
245,2/18/2016 16:00:00,103.47,24.07,52.19
246,2/19/2016 16:00:00,104.57,24.01,51.82
247,2/22/2016 16:00:00,107.16,24.22,52.65
248,2/23/2016 16:00:00,105.46,23.67,51.18
249,2/24/2016 16:00:00,106.88,24.03,51.36
250,2/25/2016 16:00:00,108.07,24.19,52.1
251,2/26/2016 16:00:00,107.92,24.23,51.3
252,2/29/2016 16:00:00,106.92,24.17,50.88
253,3/1/2016 16:00:00,109.82,25.13,52.58
254,3/2/2016 16:00:00,109.95,25.19,52.95
255,3/3/2016 16:00:00,109.58,25.38,52.35
256,3/4/2016 16:00:00,108.39,25.75,52.03
257,3/7/2016 16:00:00,105.73,25.47,51.03
258,3/8/2016 16:00:00,105.93,25.26,51.65
259,3/9/2016 16:00:00,107.51,25.28,52.84
260,3/10/2016 16:00:00,107.32,25.29,52.05
261,3/11/2016 16:00:00,109.41,25.57,53.07
262,3/14/2016 16:00:00,109.89,25.63,53.17
263,3/15/2016 16:00:00,110.67,26.15,53.59
264,3/16/2016 16:00:00,112.18,26.49,54.35
265,3/17/2016 16:00:00,111.02,26.45,54.66
266,3/18/2016 16:00:00,111.45,26.48,53.49
267,3/21/2016 16:00:00,111.85,26.48,53.86
268,3/22/2016 16:00:00,112.25,26.68,54.07
269,3/23/2016 16:00:00,112.54,26.53,53.97
270,3/24/2016 16:00:00,113.05,26.42,54.21
271,3/28/2016 16:00:00,113.69,26.3,53.54
272,3/29/2016 16:00:00,116.14,26.92,54.71
273,3/30/2016 16:00:00,114.7,27.39,55.05
274,3/31/2016 16:00:00,114.1,27.25,55.23
275,4/1/2016 16:00:00,116.06,27.5,55.57
276,4/4/2016 16:00:00,112.55,27.78,55.43
277,4/5/2016 16:00:00,112.22,27.45,54.56
278,4/6/2016 16:00:00,113.71,27.74,55.12
279,4/7/2016 16:00:00,113.64,27.14,54.46
280,4/8/2016 16:00:00,110.63,27.17,54.42
281,4/11/2016 16:00:00,108.99,27.26,54.31
282,4/12/2016 16:00:00,110.61,27.61,54.65
283,4/13/2016 16:00:00,110.51,28.01,55.35
284,4/14/2016 16:00:00,110.84,28.03,55.36
285,4/15/2016 16:00:00,109.64,27.46,55.65
286,4/18/2016 16:00:00,110.45,26.87,56.46
287,4/19/2016 16:00:00,112.29,26.73,56.39
288,4/20/2016 16:00:00,112.42,26.78,55.59
289,4/21/2016 16:00:00,113.44,26.49,55.78
290,4/22/2016 16:00:00,110.56,26.42,51.78
291,4/25/2016 16:00:00,110.1,26.27,52.11
292,4/26/2016 16:00:00,108.76,26.09,51.44
293,4/27/2016 16:00:00,108.89,24.46,50.94
294,4/28/2016 16:00:00,116.73,23.71,49.9
295,4/29/2016 16:00:00,117.58,23.44,49.87
296,5/2/2016 16:00:00,118.57,23.41,50.61
297,5/3/2016 16:00:00,117.43,23.8,49.78
298,5/4/2016 16:00:00,118.06,23.55,49.87
299,5/5/2016 16:00:00,117.81,23.31,49.94
300,5/6/2016 16:00:00,119.49,23.18,50.39
301,5/9/2016 16:00:00,119.24,23.2,50.07
302,5/10/2016 16:00:00,120.5,23.36,51.02
303,5/11/2016 16:00:00,119.52,23.13,51.05
304,5/12/2016 16:00:00,120.28,22.59,51.51
305,5/13/2016 16:00:00,119.81,22.63,51.08
306,5/16/2016 16:00:00,118.67,23.47,51.83
307,5/17/2016 16:00:00,117.35,23.37,50.51
308,5/18/2016 16:00:00,117.65,23.64,50.81
309,5/19/2016 16:00:00,116.81,23.55,50.32
310,5/20/2016 16:00:00,117.35,23.81,50.62
311,5/23/2016 16:00:00,115.97,24.11,50.03
312,5/24/2016 16:00:00,117.7,24.48,51.59
313,5/25/2016 16:00:00,117.89,24.91,52.12
314,5/26/2016 16:00:00,119.47,25.1,51.89
315,5/27/2016 16:00:00,119.38,25.09,52.32
316,5/31/2016 16:00:00,118.81,24.97,53
317,6/1/2016 16:00:00,118.78,24.62,52.85
318,6/2/2016 16:00:00,118.93,24.43,52.48
319,6/3/2016 16:00:00,118.47,24.48,51.79
320,6/6/2016 16:00:00,118.79,24.66,52.13
321,6/7/2016 16:00:00,117.76,24.76,52.1
322,6/8/2016 16:00:00,118.39,24.74,52.04
323,6/9/2016 16:00:00,118.56,24.91,51.62
324,6/10/2016 16:00:00,116.62,24.71,51.48
325,6/13/2016 16:00:00,113.95,24.34,50.14
326,6/14/2016 16:00:00,114.94,24.37,49.83
327,6/15/2016 16:00:00,114.6,24.29,49.69
328,6/16/2016 16:00:00,114.39,24.39,50.39
329,6/17/2016 16:00:00,113.02,23.83,50.13
330,6/20/2016 16:00:00,113.37,23.78,50.07
331,6/21/2016 16:00:00,114.38,23.98,51.19
332,6/22/2016 16:00:00,113.91,23.89,50.99
333,6/23/2016 16:00:00,115.08,24.03,51.91
334,6/24/2016 16:00:00,112.08,23.35,49.83
335,6/27/2016 16:00:00,108.97,23.01,48.43
336,6/28/2016 16:00:00,112.7,23.4,49.44
337,6/29/2016 16:00:00,114.16,23.6,50.54
338,6/30/2016 16:00:00,114.28,23.9,51.17
339,7/1/2016 16:00:00,114.19,23.97,51.16
340,7/5/2016 16:00:00,114,23.75,51.17
341,7/6/2016 16:00:00,116.7,23.88,51.38
342,7/7/2016 16:00:00,115.85,23.99,51.38
343,7/8/2016 16:00:00,117.24,24.17,52.3
344,7/11/2016 16:00:00,117.87,24.25,52.59
345,7/12/2016 16:00:00,117.93,24.36,53.21
346,7/13/2016 16:00:00,116.78,24.22,53.51
347,7/14/2016 16:00:00,117.29,24.7,53.74
348,7/15/2016 16:00:00,116.86,24.7,53.7
349,7/18/2016 16:00:00,119.37,24.96,53.96
350,7/19/2016 16:00:00,120.61,24.97,53.09
351,7/20/2016 16:00:00,121.92,24.99,55.91
352,7/21/2016 16:00:00,120.61,24.86,55.8
353,7/22/2016 16:00:00,121,24.67,56.57
354,7/25/2016 16:00:00,121.63,24.34,56.73
355,7/26/2016 16:00:00,121.22,24.17,56.76
356,7/27/2016 16:00:00,123.34,25.74,56.19
357,7/28/2016 16:00:00,125,26.09,56.21
358,7/29/2016 16:00:00,123.94,26.05,56.68
359,8/1/2016 16:00:00,124.31,26.51,56.58
360,8/2/2016 16:00:00,123.09,26.12,56.58
361,8/3/2016 16:00:00,122.51,26.45,56.97
362,8/4/2016 16:00:00,124.36,26.47,57.39
363,8/5/2016 16:00:00,125.15,26.87,57.96
364,8/8/2016 16:00:00,125.26,27.09,58.06
365,8/9/2016 16:00:00,125.06,27.2,58.2
366,8/10/2016 16:00:00,124.88,27,58.02
367,8/11/2016 16:00:00,124.9,26.98,58.3
368,8/12/2016 16:00:00,124.88,27.05,57.94
369,8/15/2016 16:00:00,123.9,27.37,58.12
370,8/16/2016 16:00:00,123.3,27.35,57.44
371,8/17/2016 16:00:00,124.37,27.31,57.56
372,8/18/2016 16:00:00,123.91,27.27,57.6
373,8/19/2016 16:00:00,123.56,27.34,57.62
374,8/22/2016 16:00:00,124.15,27.13,57.67
375,8/23/2016 16:00:00,124.37,27.21,57.89
376,8/24/2016 16:00:00,123.48,27.01,57.95
377,8/25/2016 16:00:00,123.89,26.89,58.17
378,8/26/2016 16:00:00,124.96,26.74,58.03
379,8/29/2016 16:00:00,126.54,26.71,58.1
380,8/30/2016 16:00:00,125.84,26.5,57.89
381,8/31/2016 16:00:00,126.12,26.53,57.46
382,9/1/2016 16:00:00,126.17,26.68,57.59
383,9/2/2016 16:00:00,126.51,26.93,57.67
384,9/6/2016 16:00:00,129.73,26.93,57.61
385,9/7/2016 16:00:00,131.05,27.09,57.66
386,9/8/2016 16:00:00,130.27,26.38,57.43
387,9/9/2016 16:00:00,127.1,25.78,56.21
388,9/12/2016 16:00:00,128.69,26.36,57.05
389,9/13/2016 16:00:00,127.21,26.99,56.53
390,9/14/2016 16:00:00,127.77,27.94,56.26
391,9/15/2016 16:00:00,128.35,28.89,57.19
392,9/16/2016 16:00:00,129.07,28.73,57.25
393,9/19/2016 16:00:00,128.65,28.4,56.93
394,9/20/2016 16:00:00,128.64,28.39,56.81
395,9/21/2016 16:00:00,129.94,28.39,57.76
396,9/22/2016 16:00:00,130.08,28.66,57.82
397,9/23/2016 16:00:00,127.96,28.18,57.43
398,9/26/2016 16:00:00,127.31,28.22,56.9
399,9/27/2016 16:00:00,128.69,28.27,57.95
400,9/28/2016 16:00:00,129.23,28.49,58.03
401,9/29/2016 16:00:00,128.09,28.05,57.4
402,9/30/2016 16:00:00,128.27,28.26,57.6
403,10/3/2016 16:00:00,128.77,28.13,57.42
404,10/4/2016 16:00:00,128.19,28.25,57.24
405,10/5/2016 16:00:00,128.47,28.26,57.64
406,10/6/2016 16:00:00,128.74,28.47,57.74
407,10/7/2016 16:00:00,128.99,28.52,57.8
408,10/10/2016 16:00:00,130.24,29.01,58.04
409,10/11/2016 16:00:00,128.88,29.08,57.19
410,10/12/2016 16:00:00,129.05,29.34,57.11
411,10/13/2016 16:00:00,127.82,29.25,56.92
412,10/14/2016 16:00:00,127.88,29.41,57.42
413,10/17/2016 16:00:00,127.54,29.39,57.22
414,10/18/2016 16:00:00,128.57,29.37,57.66
415,10/19/2016 16:00:00,130.11,29.28,57.53
416,10/20/2016 16:00:00,130,29.27,57.25
417,10/21/2016 16:00:00,132.07,29.15,59.66
418,10/24/2016 16:00:00,133.28,29.41,61
419,10/25/2016 16:00:00,132.29,29.56,60.99
420,10/26/2016 16:00:00,131.04,28.9,60.63
421,10/27/2016 16:00:00,129.69,28.62,60.1
422,10/28/2016 16:00:00,131.29,28.43,59.87
423,10/31/2016 16:00:00,130.99,28.39,59.92
424,11/1/2016 16:00:00,129.5,27.87,59.8
425,11/2/2016 16:00:00,127.17,27.9,59.43
426,11/3/2016 16:00:00,120,27.46,59.21
427,11/4/2016 16:00:00,120.75,27.21,58.71
428,11/7/2016 16:00:00,122.15,27.6,60.42
429,11/8/2016 16:00:00,124.22,27.77,60.47
430,11/9/2016 16:00:00,123.18,27.72,60.17
431,11/10/2016 16:00:00,120.8,26.95,58.7
432,11/11/2016 16:00:00,119.02,27.11,59.02
433,11/14/2016 16:00:00,115.08,26.43,58.12
434,11/15/2016 16:00:00,117.2,26.78,58.87
435,11/16/2016 16:00:00,116.34,27.5,59.65
436,11/17/2016 16:00:00,117.79,27.49,60.64
437,11/18/2016 16:00:00,117.02,27.52,60.35
438,11/21/2016 16:00:00,121.77,27.93,60.86
439,11/22/2016 16:00:00,121.47,27.95,61.12
440,11/23/2016 16:00:00,120.84,27.81,60.4
441,11/25/2016 16:00:00,120.38,27.95,60.53
442,11/28/2016 16:00:00,120.41,27.89,60.61
443,11/29/2016 16:00:00,120.87,27.87,61.09
444,11/30/2016 16:00:00,118.42,27.63,60.26
445,12/1/2016 16:00:00,115.1,27.37,59.2
446,12/2/2016 16:00:00,115.4,27.48,59.25
447,12/5/2016 16:00:00,117.43,27.28,60.22
448,12/6/2016 16:00:00,117.31,27.49,59.95
449,12/7/2016 16:00:00,117.95,27.76,61.37
450,12/8/2016 16:00:00,118.91,28.03,61.01
451,12/9/2016 16:00:00,119.68,28.49,61.97
452,12/12/2016 16:00:00,117.77,28.33,62.17
453,12/13/2016 16:00:00,120.31,28.8,62.98
454,12/14/2016 16:00:00,120.21,28.8,62.68
455,12/15/2016 16:00:00,120.57,28.96,62.58
456,12/16/2016 16:00:00,119.87,28.99,62.3
457,12/19/2016 16:00:00,119.24,29.16,63.62
458,12/20/2016 16:00:00,119.09,29.24,63.54
459,12/21/2016 16:00:00,119.04,29.27,63.54
460,12/22/2016 16:00:00,117.4,29.07,63.55
461,12/23/2016 16:00:00,117.27,29.13,63.24
462,12/27/2016 16:00:00,118.01,29.32,63.28
463,12/28/2016 16:00:00,116.92,29.19,62.99
464,12/29/2016 16:00:00,116.35,29.18,62.9
465,12/30/2016 16:00:00,115.05,28.96,62.14
466,1/3/2017 16:00:00,116.86,29.04,62.58
467,1/4/2017 16:00:00,118.69,29.01,62.3
468,1/5/2017 16:00:00,120.67,29.15,62.3
469,1/6/2017 16:00:00,123.41,29.48,62.84
470,1/9/2017 16:00:00,124.9,29.75,62.64
471,1/10/2017 16:00:00,124.35,29.78,62.62
472,1/11/2017 16:00:00,126.09,29.94,63.19
473,1/12/2017 16:00:00,126.62,29.81,62.61
474,1/13/2017 16:00:00,128.34,29.76,62.7
475,1/17/2017 16:00:00,127.87,30,62.53
476,1/18/2017 16:00:00,127.92,30,62.5
477,1/19/2017 16:00:00,127.55,29.95,62.3
478,1/20/2017 16:00:00,127.04,30,62.74
479,1/23/2017 16:00:00,128.93,30.02,62.96
480,1/24/2017 16:00:00,129.37,29.99,63.52
481,1/25/2017 16:00:00,131.48,30.47,63.68
482,1/26/2017 16:00:00,132.78,30.49,64.27
483,1/27/2017 16:00:00,132.18,30.49,65.78
484,1/30/2017 16:00:00,130.98,30.41,65.13
485,1/31/2017 16:00:00,130.32,30.34,64.65
486,2/1/2017 16:00:00,133.23,32.19,63.58
487,2/2/2017 16:00:00,130.84,32.13,63.17
488,2/3/2017 16:00:00,130.98,32.27,63.68
489,2/6/2017 16:00:00,132.06,32.57,63.64
490,2/7/2017 16:00:00,131.84,32.88,63.43
491,2/8/2017 16:00:00,134.2,33.01,63.34
492,2/9/2017 16:00:00,134.14,33.1,64.06
493,2/10/2017 16:00:00,134.19,33.03,64
494,2/13/2017 16:00:00,134.05,33.32,64.72
495,2/14/2017 16:00:00,133.85,33.76,64.57
496,2/15/2017 16:00:00,133.44,33.88,64.53
497,2/16/2017 16:00:00,133.84,33.84,64.52
498,2/17/2017 16:00:00,133.53,33.93,64.62
499,2/21/2017 16:00:00,133.72,34.17,64.49
500,2/22/2017 16:00:00,136.12,34.28,64.36
501,2/23/2017 16:00:00,135.36,34.13,64.62
502,2/24/2017 16:00:00,135.44,34.17,64.62
503,2/27/2017 16:00:00,136.41,34.23,64.23
504,2/28/2017 16:00:00,135.54,34.25,63.98
505,3/1/2017 16:00:00,137.42,34.95,64.94
506,3/2/2017 16:00:00,136.76,34.74,64.01
507,3/3/2017 16:00:00,137.17,34.95,64.25
508,3/6/2017 16:00:00,137.42,34.84,64.27
509,3/7/2017 16:00:00,137.3,34.88,64.4
510,3/8/2017 16:00:00,137.72,34.75,64.99
511,3/9/2017 16:00:00,138.24,34.67,64.73
512,3/10/2017 16:00:00,138.79,34.78,64.93
513,3/13/2017 16:00:00,139.6,34.8,64.71
514,3/14/2017 16:00:00,139.32,34.75,64.41
515,3/15/2017 16:00:00,139.72,35.12,64.75
516,3/16/2017 16:00:00,139.99,35.17,64.64
517,3/17/2017 16:00:00,139.84,35,64.87
518,3/20/2017 16:00:00,139.94,35.37,64.93
519,3/21/2017 16:00:00,138.51,34.96,64.21
520,3/22/2017 16:00:00,139.59,35.35,65.03
521,3/23/2017 16:00:00,139.53,35.23,64.87
522,3/24/2017 16:00:00,140.34,35.16,64.98
523,3/27/2017 16:00:00,140.32,35.22,65.1
524,3/28/2017 16:00:00,141.76,35.95,65.29
525,3/29/2017 16:00:00,142.65,36.03,65.47
526,3/30/2017 16:00:00,142.41,35.98,65.71
527,3/31/2017 16:00:00,142.05,35.92,65.86
528,4/3/2017 16:00:00,142.28,35.92,65.55
529,4/4/2017 16:00:00,141.73,36.19,65.73
530,4/5/2017 16:00:00,141.85,36.01,65.56
531,4/6/2017 16:00:00,141.17,35.92,65.73
532,4/7/2017 16:00:00,140.78,35.84,65.68
533,4/10/2017 16:00:00,141.04,35.79,65.53
534,4/11/2017 16:00:00,139.92,35.41,65.48
535,4/12/2017 16:00:00,139.58,35.45,65.23
536,4/13/2017 16:00:00,139.39,35.26,64.95
537,4/17/2017 16:00:00,141.42,35.46,65.48
538,4/18/2017 16:00:00,140.96,35.3,65.39
539,4/19/2017 16:00:00,142.27,35.17,65.04
540,4/20/2017 16:00:00,143.8,35.61,65.5
541,4/21/2017 16:00:00,143.68,35.57,66.4
542,4/24/2017 16:00:00,145.47,35.91,67.53
543,4/25/2017 16:00:00,146.49,36.13,67.92
544,4/26/2017 16:00:00,146.56,35.92,67.83
545,4/27/2017 16:00:00,147.7,35.95,68.27
546,4/28/2017 16:00:00,150.25,35.91,68.46
547,5/1/2017 16:00:00,152.46,36.65,69.41
548,5/2/2017 16:00:00,152.78,36.88,69.3
549,5/3/2017 16:00:00,151.8,36.77,69.08
550,5/4/2017 16:00:00,150.85,36.63,68.81
551,5/5/2017 16:00:00,150.24,37.24,69
552,5/8/2017 16:00:00,151.06,38.25,68.94
553,5/9/2017 16:00:00,150.48,38.5,69.04
554,5/10/2017 16:00:00,150.29,38.32,69.31
555,5/11/2017 16:00:00,150.04,38.49,68.46
556,5/12/2017 16:00:00,150.33,39.03,68.38
557,5/15/2017 16:00:00,150.19,38.92,68.43
558,5/16/2017 16:00:00,149.78,38.87,69.41
559,5/17/2017 16:00:00,144.85,37.56,67.48
560,5/18/2017 16:00:00,147.66,38.14,67.71
561,5/19/2017 16:00:00,148.06,38.27,67.69
562,5/22/2017 16:00:00,148.24,38.5,68.45
563,5/23/2017 16:00:00,148.07,38.45,68.68
564,5/24/2017 16:00:00,150.04,38.34,68.77
565,5/25/2017 16:00:00,151.96,38.47,69.62
566,5/26/2017 16:00:00,152.13,38.4,69.96
567,5/30/2017 16:00:00,152.38,38.42,70.41
568,5/31/2017 16:00:00,151.46,38.19,69.84
569,6/1/2017 16:00:00,151.53,38.3,70.1
570,6/2/2017 16:00:00,153.61,38.86,71.76
571,6/5/2017 16:00:00,153.63,38.48,72.28
572,6/6/2017 16:00:00,152.81,38.61,72.52
573,6/7/2017 16:00:00,153.12,38.84,72.39
574,6/8/2017 16:00:00,154.71,38.75,71.95
575,6/9/2017 16:00:00,149.6,37.24,70.32
576,6/12/2017 16:00:00,148.44,36.35,69.78
577,6/13/2017 16:00:00,150.68,36.65,70.65
578,6/14/2017 16:00:00,150.25,36.29,70.27
579,6/15/2017 16:00:00,149.8,36.07,69.9
580,6/16/2017 16:00:00,150.64,35.57,70
581,6/19/2017 16:00:00,152.87,36.59,70.87
582,6/20/2017 16:00:00,152.25,36.25,69.91
583,6/21/2017 16:00:00,153.91,36.47,70.27
584,6/22/2017 16:00:00,153.4,36.41,70.26
585,6/23/2017 16:00:00,155.07,36.57,71.21
586,6/26/2017 16:00:00,153.59,36.46,70.53
587,6/27/2017 16:00:00,150.58,35.93,69.21
588,6/28/2017 16:00:00,153.24,36.46,69.8
589,6/29/2017 16:00:00,151.04,35.92,68.49
590,6/30/2017 16:00:00,150.98,36.01,68.93
591,7/3/2017 16:00:00,148.43,35.88,68.17
592,7/5/2017 16:00:00,150.34,36.02,69.08
593,7/6/2017 16:00:00,148.82,35.68,68.57
594,7/7/2017 16:00:00,151.44,36.05,69.46
595,7/10/2017 16:00:00,153.5,36.27,69.98
596,7/11/2017 16:00:00,155.27,36.38,69.99
597,7/12/2017 16:00:00,158.9,36.44,71.15
598,7/13/2017 16:00:00,159.26,36.94,71.77
599,7/14/2017 16:00:00,159.97,37.26,72.78
600,7/17/2017 16:00:00,159.73,37.39,73.35
601,7/18/2017 16:00:00,162.86,37.52,73.3
602,7/19/2017 16:00:00,164.14,37.76,73.86
603,7/20/2017 16:00:00,164.53,37.59,74.22
604,7/21/2017 16:00:00,164.43,37.57,73.79
605,7/24/2017 16:00:00,166,38.02,73.6
606,7/25/2017 16:00:00,165.28,38.19,74.19
607,7/26/2017 16:00:00,165.61,38.37,74.05
608,7/27/2017 16:00:00,170.44,37.64,73.16
609,7/28/2017 16:00:00,172.45,37.38,73.04
610,7/31/2017 16:00:00,169.25,37.18,72.7
611,8/1/2017 16:00:00,169.86,37.51,72.58
612,8/2/2017 16:00:00,169.3,39.28,72.26
613,8/3/2017 16:00:00,168.59,38.89,72.15
614,8/4/2017 16:00:00,169.62,39.1,72.68
615,8/7/2017 16:00:00,171.98,39.7,72.4
616,8/8/2017 16:00:00,171.23,40.02,72.79
617,8/9/2017 16:00:00,171.18,40.27,72.47
618,8/10/2017 16:00:00,167.4,38.83,71.41
619,8/11/2017 16:00:00,168.08,39.37,72.5
620,8/14/2017 16:00:00,170.75,39.96,73.59
621,8/15/2017 16:00:00,171,40.4,73.22
622,8/16/2017 16:00:00,170,40.24,73.65
623,8/17/2017 16:00:00,166.91,39.47,72.4
624,8/18/2017 16:00:00,167.41,39.38,72.49
625,8/21/2017 16:00:00,167.78,39.3,72.15
626,8/22/2017 16:00:00,169.64,39.95,73.16
627,8/23/2017 16:00:00,168.71,39.99,72.72
628,8/24/2017 16:00:00,167.74,39.82,72.69
629,8/25/2017 16:00:00,166.32,39.97,72.82
630,8/28/2017 16:00:00,167.24,40.37,72.83
631,8/29/2017 16:00:00,168.05,40.73,73.05
632,8/30/2017 16:00:00,169.92,40.84,74.01
633,8/31/2017 16:00:00,171.97,41,74.77
634,9/1/2017 16:00:00,172.02,41.01,73.94
635,9/5/2017 16:00:00,170.72,40.52,73.61
636,9/6/2017 16:00:00,172.09,40.48,73.4
637,9/7/2017 16:00:00,173.21,40.32,74.34
638,9/8/2017 16:00:00,170.95,39.66,73.98
639,9/11/2017 16:00:00,173.51,40.38,74.76
640,9/12/2017 16:00:00,172.96,40.22,74.68
641,9/13/2017 16:00:00,173.05,39.91,75.21
642,9/14/2017 16:00:00,170.96,39.57,74.77
643,9/15/2017 16:00:00,171.64,39.97,75.31
644,9/18/2017 16:00:00,170.01,39.67,75.16
645,9/19/2017 16:00:00,172.52,39.68,75.44
646,9/20/2017 16:00:00,172.17,39.02,74.94
647,9/21/2017 16:00:00,171.11,38.35,74.21
648,9/22/2017 16:00:00,170.54,37.97,74.41
649,9/25/2017 16:00:00,162.87,37.64,73.26
650,9/26/2017 16:00:00,164.21,38.28,73.26
651,9/27/2017 16:00:00,167.68,38.56,73.85
652,9/28/2017 16:00:00,168.73,38.32,73.87
653,9/29/2017 16:00:00,170.87,38.53,74.49
654,10/2/2017 16:00:00,169.47,38.45,74.61
655,10/3/2017 16:00:00,169.96,38.62,74.26
656,10/4/2017 16:00:00,168.42,38.37,74.69
657,10/5/2017 16:00:00,171.24,38.85,75.97
658,10/6/2017 16:00:00,172.23,38.83,76
659,10/9/2017 16:00:00,172.5,38.96,76.29
660,10/10/2017 16:00:00,171.59,38.98,76.29
661,10/11/2017 16:00:00,172.74,39.14,76.42
662,10/12/2017 16:00:00,172.55,39,77.12
663,10/13/2017 16:00:00,173.74,39.25,77.49
664,10/16/2017 16:00:00,174.52,39.97,77.65
665,10/17/2017 16:00:00,176.11,40.12,77.59
666,10/18/2017 16:00:00,176.03,39.94,77.61
667,10/19/2017 16:00:00,174.56,38.99,77.91
668,10/20/2017 16:00:00,174.98,39.06,78.81
669,10/23/2017 16:00:00,171.27,39.04,78.83
670,10/24/2017 16:00:00,171.8,39.28,78.86
671,10/25/2017 16:00:00,170.6,39.1,78.63
672,10/26/2017 16:00:00,170.63,39.35,78.76
673,10/27/2017 16:00:00,177.88,40.76,83.81
674,10/30/2017 16:00:00,179.87,41.68,83.89
675,10/31/2017 16:00:00,180.06,42.26,83.18
676,11/1/2017 16:00:00,182.66,41.72,83.18
677,11/2/2017 16:00:00,178.92,42.03,84.05
678,11/3/2017 16:00:00,178.92,43.13,84.14
679,11/6/2017 16:00:00,180.17,43.56,84.47
680,11/7/2017 16:00:00,180.25,43.7,84.27
681,11/8/2017 16:00:00,179.56,44.06,84.56
682,11/9/2017 16:00:00,179.3,43.97,84.09
683,11/10/2017 16:00:00,178.46,43.67,83.87
684,11/13/2017 16:00:00,178.77,43.49,83.93
685,11/14/2017 16:00:00,178.07,42.84,84.05
686,11/15/2017 16:00:00,177.95,42.27,82.98
687,11/16/2017 16:00:00,179.59,42.78,83.2
688,11/17/2017 16:00:00,179,42.54,82.4
689,11/20/2017 16:00:00,178.74,42.5,82.53
690,11/21/2017 16:00:00,181.86,43.29,83.72
691,11/22/2017 16:00:00,180.87,43.74,83.11
692,11/24/2017 13:00:00,182.78,43.74,83.26
693,11/27/2017 16:00:00,183.03,43.52,83.87
694,11/28/2017 16:00:00,182.42,43.27,84.88
695,11/29/2017 16:00:00,175.13,42.37,83.34
696,11/30/2017 16:00:00,177.18,42.96,84.17
697,12/1/2017 16:00:00,175.1,42.76,84.26
698,12/4/2017 16:00:00,171.47,42.45,81.08
699,12/5/2017 16:00:00,172.83,42.41,81.59
700,12/6/2017 16:00:00,176.06,42.25,82.78
701,12/7/2017 16:00:00,180.14,42.33,82.49
702,12/8/2017 16:00:00,179,42.34,84.16
703,12/11/2017 16:00:00,179.04,43.17,85.23
704,12/12/2017 16:00:00,176.96,42.93,85.58
705,12/13/2017 16:00:00,178.3,43.07,85.35
706,12/14/2017 16:00:00,178.39,43.06,84.69
707,12/15/2017 16:00:00,180.18,43.49,86.85
708,12/18/2017 16:00:00,180.82,44.11,86.38
709,12/19/2017 16:00:00,179.51,43.64,85.83
710,12/20/2017 16:00:00,177.89,43.59,85.52
711,12/21/2017 16:00:00,177.45,43.75,85.5
712,12/22/2017 16:00:00,177.2,43.75,85.51
713,12/26/2017 16:00:00,175.99,42.64,85.4
714,12/27/2017 16:00:00,177.62,42.65,85.71
715,12/28/2017 16:00:00,177.92,42.77,85.72
716,12/29/2017 16:00:00,176.46,42.31,85.54
717,1/2/2018 16:00:00,181.42,43.07,85.95
718,1/3/2018 16:00:00,184.67,43.06,86.35
719,1/4/2018 16:00:00,184.33,43.26,87.11
720,1/5/2018 16:00:00,186.85,43.75,88.19
721,1/8/2018 16:00:00,188.28,43.59,88.28
722,1/9/2018 16:00:00,187.87,43.58,88.22
723,1/10/2018 16:00:00,187.84,43.57,87.82
724,1/11/2018 16:00:00,187.77,43.82,88.08
725,1/12/2018 16:00:00,179.37,44.27,89.6
726,1/16/2018 16:00:00,178.39,44.05,88.35
727,1/17/2018 16:00:00,177.6,44.78,90.14
728,1/18/2018 16:00:00,179.8,44.82,90.1
729,1/19/2018 16:00:00,181.29,44.62,90
730,1/22/2018 16:00:00,185.37,44.25,91.61
731,1/23/2018 16:00:00,189.35,44.26,91.9
732,1/24/2018 16:00:00,186.55,43.56,91.82
733,1/25/2018 16:00:00,187.48,42.78,92.33
734,1/26/2018 16:00:00,190,42.88,94.06
735,1/29/2018 16:00:00,185.98,41.99,93.92
736,1/30/2018 16:00:00,187.12,41.74,92.74
737,1/31/2018 16:00:00,186.89,41.86,95.01
738,2/1/2018 16:00:00,193.09,41.95,94.26
739,2/2/2018 16:00:00,190.28,40.13,91.78
740,2/5/2018 16:00:00,181.26,39.12,88
741,2/6/2018 16:00:00,185.31,40.76,91.33
742,2/7/2018 16:00:00,180.18,39.89,89.61
743,2/8/2018 16:00:00,171.58,38.79,85.01
744,2/9/2018 16:00:00,176.11,39.1,88.18
745,2/12/2018 16:00:00,176.41,40.68,89.13
746,2/13/2018 16:00:00,173.15,41.09,89.83
747,2/14/2018 16:00:00,179.52,41.84,90.81
748,2/15/2018 16:00:00,179.96,43.25,92.66
749,2/16/2018 16:00:00,177.36,43.11,92
750,2/20/2018 16:00:00,176.01,42.96,92.72
751,2/21/2018 16:00:00,177.91,42.77,91.49
752,2/22/2018 16:00:00,178.99,43.13,91.73
753,2/23/2018 16:00:00,183.29,43.88,94.06
754,2/26/2018 16:00:00,184.93,44.74,95.42
755,2/27/2018 16:00:00,181.46,44.6,94.2
756,2/28/2018 16:00:00,178.32,44.53,93.77
757,3/1/2018 16:00:00,175.94,43.75,92.85
758,3/2/2018 16:00:00,176.62,44.05,93.05
759,3/5/2018 16:00:00,180.4,44.21,93.64
760,3/6/2018 16:00:00,179.78,44.17,93.32
761,3/7/2018 16:00:00,183.71,43.76,93.86
762,3/8/2018 16:00:00,182.34,44.24,94.43
763,3/9/2018 16:00:00,185.23,45,96.54
764,3/12/2018 16:00:00,184.76,45.43,96.77
765,3/13/2018 16:00:00,181.88,44.99,94.41
766,3/14/2018 16:00:00,184.19,44.61,93.85
767,3/15/2018 16:00:00,183.86,44.66,94.18
768,3/16/2018 16:00:00,185.09,44.51,94.6
769,3/19/2018 16:00:00,172.56,43.83,92.89
770,3/20/2018 16:00:00,168.15,43.81,93.13
771,3/21/2018 16:00:00,169.39,42.82,92.48
772,3/22/2018 16:00:00,164.89,42.21,89.79
773,3/23/2018 16:00:00,159.39,41.24,87.18
774,3/26/2018 16:00:00,160.06,43.19,93.78
775,3/27/2018 16:00:00,152.22,42.09,89.47
776,3/28/2018 16:00:00,153.03,41.62,89.39
777,3/29/2018 16:00:00,159.79,41.95,91.27
778,4/2/2018 16:00:00,155.39,41.67,88.52
779,4/3/2018 16:00:00,156.11,42.1,89.71
780,4/4/2018 16:00:00,155.1,42.9,92.33
781,4/5/2018 16:00:00,159.34,43.2,92.38
782,4/6/2018 16:00:00,157.2,42.1,90.23
783,4/9/2018 16:00:00,157.93,42.51,90.77
784,4/10/2018 16:00:00,165.04,43.31,92.88
785,4/11/2018 16:00:00,166.32,43.11,91.86
786,4/12/2018 16:00:00,163.87,43.54,93.58
787,4/13/2018 16:00:00,164.52,43.68,93.08
788,4/16/2018 16:00:00,164.83,43.96,94.17
789,4/17/2018 16:00:00,168.66,44.56,96.07
790,4/18/2018 16:00:00,166.36,44.46,96.44
791,4/19/2018 16:00:00,168.1,43.2,96.11
792,4/20/2018 16:00:00,166.28,41.43,95
793,4/23/2018 16:00:00,165.84,41.31,95.35
794,4/24/2018 16:00:00,159.69,40.74,93.12
795,4/25/2018 16:00:00,159.69,40.91,92.31
796,4/26/2018 16:00:00,174.16,41.06,94.26
797,4/27/2018 16:00:00,173.59,40.58,95.82
798,4/30/2018 16:00:00,172,41.32,93.52
799,5/1/2018 16:00:00,173.86,42.28,95
800,5/2/2018 16:00:00,176.07,44.14,93.51
801,5/3/2018 16:00:00,174.02,44.22,94.07
802,5/4/2018 16:00:00,176.61,45.96,95.16
803,5/7/2018 16:00:00,177.97,46.29,96.22
804,5/8/2018 16:00:00,178.92,46.51,95.81
805,5/9/2018 16:00:00,182.66,46.84,96.94
806,5/10/2018 16:00:00,185.53,47.51,97.91
807,5/11/2018 16:00:00,186.99,47.15,97.7
808,5/14/2018 16:00:00,186.64,47.04,98.03
809,5/15/2018 16:00:00,184.32,46.61,97.32
810,5/16/2018 16:00:00,183.2,47.05,97.15
811,5/17/2018 16:00:00,183.76,46.75,96.18
812,5/18/2018 16:00:00,182.68,46.58,96.36
813,5/21/2018 16:00:00,184.49,46.91,97.6
814,5/22/2018 16:00:00,183.8,46.79,97.5
815,5/23/2018 16:00:00,186.9,47.09,98.66
816,5/24/2018 16:00:00,185.93,47.04,98.31
817,5/25/2018 16:00:00,184.92,47.15,98.36
818,5/29/2018 16:00:00,185.74,46.98,98.01
819,5/30/2018 16:00:00,187.67,46.88,98.95
820,5/31/2018 16:00:00,191.78,46.88,98.84
821,6/1/2018 16:00:00,193.99,47.56,100.79
822,6/4/2018 16:00:00,193.28,47.96,101.67
823,6/5/2018 16:00:00,192.94,48.33,102.19
824,6/6/2018 16:00:00,191.34,48.5,102.49
825,6/7/2018 16:00:00,188.18,48.37,100.88
826,6/8/2018 16:00:00,189.1,47.93,101.63
827,6/11/2018 16:00:00,191.54,47.81,101.05
828,6/12/2018 16:00:00,192.4,48.07,101.31
829,6/13/2018 16:00:00,192.41,47.68,100.85
830,6/14/2018 16:00:00,196.81,47.7,101.42
831,6/15/2018 16:00:00,195.85,47.21,100.13
832,6/18/2018 16:00:00,198.31,47.19,100.86
833,6/19/2018 16:00:00,197.49,46.42,100.86
834,6/20/2018 16:00:00,202,46.63,101.87
835,6/21/2018 16:00:00,201.5,46.37,101.14
836,6/22/2018 16:00:00,201.74,46.23,100.41
837,6/25/2018 16:00:00,196.35,45.54,98.39
838,6/26/2018 16:00:00,199,46.11,99.08
839,6/27/2018 16:00:00,195.84,46.04,97.54
840,6/28/2018 16:00:00,196.23,46.38,98.63
841,6/29/2018 16:00:00,194.32,46.28,98.61
842,7/2/2018 16:00:00,197.36,46.8,100.01
843,7/3/2018 13:00:00,192.73,45.98,99.05
844,7/5/2018 16:00:00,198.45,46.35,99.76
845,7/6/2018 16:00:00,203.23,46.99,101.16
846,7/9/2018 16:00:00,204.74,47.65,101.85
847,7/10/2018 16:00:00,203.54,47.59,102.12
848,7/11/2018 16:00:00,202.54,46.97,101.98
849,7/12/2018 16:00:00,206.92,47.76,104.19
850,7/13/2018 16:00:00,207.32,47.83,105.43
851,7/16/2018 16:00:00,207.23,47.73,104.91
852,7/17/2018 16:00:00,209.99,47.86,105.95
853,7/18/2018 16:00:00,209.36,47.6,105.12
854,7/19/2018 16:00:00,208.09,47.97,104.4
855,7/20/2018 16:00:00,209.94,47.86,106.27
856,7/23/2018 16:00:00,210.91,47.86,107.97
857,7/24/2018 16:00:00,214.67,48.25,107.66
858,7/25/2018 16:00:00,217.5,48.71,110.83
859,7/26/2018 16:00:00,176.26,48.55,109.62
860,7/27/2018 16:00:00,174.89,47.75,107.68
861,7/30/2018 16:00:00,171.06,47.48,105.37
862,7/31/2018 16:00:00,172.58,47.57,106.08
863,8/1/2018 16:00:00,171.65,50.38,106.28
864,8/2/2018 16:00:00,176.37,51.85,107.57
865,8/3/2018 16:00:00,177.78,52,108.04
866,8/6/2018 16:00:00,185.69,52.27,108.13
867,8/7/2018 16:00:00,183.81,51.78,108.88
868,8/8/2018 16:00:00,185.18,51.81,109.49
869,8/9/2018 16:00:00,183.09,52.22,109.67
870,8/10/2018 16:00:00,180.26,51.88,109
871,8/13/2018 16:00:00,180.05,52.22,108.21
872,8/14/2018 16:00:00,181.11,52.44,109.56
873,8/15/2018 16:00:00,179.53,52.56,107.66
874,8/16/2018 16:00:00,174.7,53.33,107.64
875,8/17/2018 16:00:00,173.8,54.4,107.58
876,8/20/2018 16:00:00,172.5,53.87,106.87
877,8/21/2018 16:00:00,172.62,53.76,105.98
878,8/22/2018 16:00:00,173.64,53.76,107.06
879,8/23/2018 16:00:00,172.9,53.87,107.56
880,8/24/2018 16:00:00,174.65,54.04,108.4
881,8/27/2018 16:00:00,177.46,54.49,109.6
882,8/28/2018 16:00:00,176.26,54.93,110.26
883,8/29/2018 16:00:00,175.9,55.75,112.02
884,8/30/2018 16:00:00,177.64,56.26,111.95
885,8/31/2018 16:00:00,175.73,56.91,112.33
886,9/4/2018 16:00:00,171.16,57.09,111.71
887,9/5/2018 16:00:00,167.18,56.72,108.49
888,9/6/2018 16:00:00,162.53,55.78,108.74
889,9/7/2018 16:00:00,163.04,55.33,108.21
890,9/10/2018 16:00:00,164.18,54.58,109.38
891,9/11/2018 16:00:00,165.94,55.96,111.24
892,9/12/2018 16:00:00,162,55.27,111.71
893,9/13/2018 16:00:00,161.36,56.6,112.91
894,9/14/2018 16:00:00,162.32,55.96,113.37
895,9/17/2018 16:00:00,160.58,54.47,112.14
896,9/18/2018 16:00:00,160.3,54.56,113.21
897,9/19/2018 16:00:00,163.06,54.59,111.7
898,9/20/2018 16:00:00,166.02,55.01,113.57
899,9/21/2018 16:00:00,162.93,54.42,114.26
900,9/24/2018 16:00:00,165.41,55.2,114.67
901,9/25/2018 16:00:00,164.91,55.55,114.45
902,9/26/2018 16:00:00,166.95,55.11,113.98
903,9/27/2018 16:00:00,168.84,56.24,114.41
904,9/28/2018 16:00:00,164.46,56.44,114.37
905,10/1/2018 16:00:00,162.44,56.82,115.61
906,10/2/2018 16:00:00,159.33,57.32,115.15
907,10/3/2018 16:00:00,162.43,58.02,115.17
908,10/4/2018 16:00:00,158.85,57,112.79
909,10/5/2018 16:00:00,157.33,56.07,112.13
910,10/8/2018 16:00:00,157.25,55.94,110.85
911,10/9/2018 16:00:00,157.9,56.72,112.26
912,10/10/2018 16:00:00,151.38,54.09,106.16
913,10/11/2018 16:00:00,153.35,53.61,105.91
914,10/12/2018 16:00:00,153.74,55.53,109.57
915,10/15/2018 16:00:00,153.52,54.34,107.6
916,10/16/2018 16:00:00,158.78,55.54,111
917,10/17/2018 16:00:00,159.42,55.3,110.71
918,10/18/2018 16:00:00,154.92,54.01,108.5
919,10/19/2018 16:00:00,154.05,54.83,108.66
920,10/22/2018 16:00:00,154.78,55.16,109.63
921,10/23/2018 16:00:00,154.39,55.68,108.1
922,10/24/2018 16:00:00,146.04,53.77,102.32
923,10/25/2018 16:00:00,150.95,54.95,108.3
924,10/26/2018 16:00:00,145.37,54.08,106.96
925,10/29/2018 16:00:00,142.09,53.06,103.85
926,10/30/2018 16:00:00,146.22,53.33,103.73
927,10/31/2018 16:00:00,151.79,54.72,106.81
928,11/1/2018 16:00:00,151.75,55.56,105.92
929,11/2/2018 16:00:00,150.35,51.87,106.16
930,11/5/2018 16:00:00,148.68,50.4,107.51
931,11/6/2018 16:00:00,149.94,50.94,107.72
932,11/7/2018 16:00:00,151.53,52.49,111.96
933,11/8/2018 16:00:00,147.87,52.12,111.75
934,11/9/2018 16:00:00,144.96,51.12,109.57
935,11/12/2018 16:00:00,141.55,48.54,106.87
936,11/13/2018 16:00:00,142.16,48.06,106.94
937,11/14/2018 16:00:00,144.22,46.7,104.97
938,11/15/2018 16:00:00,143.85,47.85,107.28
939,11/16/2018 16:00:00,139.53,48.38,108.29
940,11/19/2018 16:00:00,131.55,46.47,104.62
941,11/20/2018 16:00:00,132.43,44.25,101.71
942,11/21/2018 16:00:00,134.82,44.2,103.11
943,11/23/2018 13:00:00,131.73,43.07,103.07
944,11/26/2018 16:00:00,136.38,43.66,106.47
945,11/27/2018 16:00:00,135,43.56,107.14
946,11/28/2018 16:00:00,136.76,45.24,111.12
947,11/29/2018 16:00:00,138.68,44.89,110.19
948,11/30/2018 16:00:00,140.61,44.65,110.89
949,12/3/2018 16:00:00,141.09,46.21,112.09
950,12/4/2018 16:00:00,137.93,44.17,108.52
951,12/6/2018 16:00:00,139.63,43.68,109.19
952,12/7/2018 16:00:00,137.42,42.12,104.82
953,12/10/2018 16:00:00,141.85,42.4,107.59
954,12/11/2018 16:00:00,142.08,42.16,108.59
955,12/12/2018 16:00:00,144.5,42.28,109.08
956,12/13/2018 16:00:00,145.01,42.74,109.45
957,12/14/2018 16:00:00,144.06,41.37,106.03
958,12/17/2018 16:00:00,140.19,40.99,102.89
959,12/18/2018 16:00:00,143.66,41.52,103.97
960,12/19/2018 16:00:00,133.24,40.22,103.69
961,12/20/2018 16:00:00,133.4,39.21,101.51
962,12/21/2018 16:00:00,124.95,37.68,98.23
963,12/24/2018 13:00:00,124.06,36.71,94.13
964,12/26/2018 16:00:00,134.18,39.29,100.56
965,12/27/2018 16:00:00,134.52,39.04,101.18
966,12/28/2018 16:00:00,133.2,39.06,100.39
967,12/31/2018 16:00:00,131.09,39.44,101.57
968,1/2/2019 16:00:00,135.68,39.48,101.12
969,1/3/2019 16:00:00,131.74,35.55,97.4
970,1/4/2019 16:00:00,137.95,37.07,101.93
971,1/7/2019 16:00:00,138.05,36.98,102.06
972,1/8/2019 16:00:00,142.53,37.69,102.8
973,1/9/2019 16:00:00,144.23,38.33,104.27
974,1/10/2019 16:00:00,144.2,38.45,103.6
975,1/11/2019 16:00:00,143.8,38.07,102.8
976,1/14/2019 16:00:00,145.39,37.5,102.05
977,1/15/2019 16:00:00,148.95,38.27,105.01
978,1/16/2019 16:00:00,147.54,38.74,105.38
979,1/17/2019 16:00:00,148.3,38.97,106.12
980,1/18/2019 16:00:00,150.04,39.21,107.71
981,1/22/2019 16:00:00,147.57,38.33,105.68
982,1/23/2019 16:00:00,144.3,38.48,106.71
983,1/24/2019 16:00:00,145.83,38.17,106.2
984,1/25/2019 16:00:00,149.01,39.44,107.17
985,1/28/2019 16:00:00,147.47,39.08,105.08
986,1/29/2019 16:00:00,144.19,38.67,102.94
987,1/30/2019 16:00:00,150.42,41.31,106.38
988,1/31/2019 16:00:00,166.69,41.61,104.43
989,2/1/2019 16:00:00,165.71,41.63,102.78
990,2/4/2019 16:00:00,169.25,42.81,105.74
991,2/5/2019 16:00:00,171.16,43.55,107.22
992,2/6/2019 16:00:00,170.49,43.56,106.03
993,2/7/2019 16:00:00,166.38,42.74,105.27
994,2/8/2019 16:00:00,167.33,42.6,105.67
995,2/11/2019 16:00:00,165.79,42.36,105.25
996,2/12/2019 16:00:00,165.04,42.72,106.89
997,2/13/2019 16:00:00,164.07,42.55,106.81
998,2/14/2019 16:00:00,163.95,42.7,106.9
999,2/15/2019 16:00:00,162.5,42.61,108.22
1000,2/19/2019 16:00:00,162.29,42.73,108.17
1001,2/20/2019 16:00:00,162.56,43.01,107.15
1002,2/21/2019 16:00:00,160.04,42.77,109.41
1003,2/22/2019 16:00:00,161.89,43.24,110.97
1004,2/25/2019 16:00:00,164.62,43.56,111.59
1005,2/26/2019 16:00:00,164.13,43.58,112.36
1006,2/27/2019 16:00:00,162.81,43.72,112.17
1007,2/28/2019 16:00:00,161.45,43.29,112.03
1008,3/1/2019 16:00:00,162.28,43.74,112.53
1009,3/4/2019 16:00:00,167.37,43.96,112.26
1010,3/5/2019 16:00:00,171.26,43.88,111.7
1011,3/6/2019 16:00:00,172.51,43.63,111.75
1012,3/7/2019 16:00:00,169.13,43.13,110.39
1013,3/8/2019 16:00:00,169.6,43.23,110.51
1014,3/11/2019 16:00:00,172.07,44.73,112.83
1015,3/12/2019 16:00:00,171.92,45.23,113.62
1016,3/13/2019 16:00:00,173.37,45.43,114.5
1017,3/14/2019 16:00:00,170.17,45.93,114.59
1018,3/15/2019 16:00:00,165.98,46.53,115.91
1019,3/18/2019 16:00:00,160.47,47.01,117.57
1020,3/19/2019 16:00:00,161.57,46.63,117.65
1021,3/20/2019 16:00:00,165.44,47.04,117.52
1022,3/21/2019 16:00:00,166.08,48.77,120.22
1023,3/22/2019 16:00:00,164.34,47.76,117.05
1024,3/25/2019 16:00:00,166.29,47.19,117.66
1025,3/26/2019 16:00:00,167.68,46.7,117.91
1026,3/27/2019 16:00:00,165.87,47.12,116.77
1027,3/28/2019 16:00:00,165.55,47.18,116.93
1028,3/29/2019 16:00:00,166.69,47.49,117.94
1029,4/1/2019 16:00:00,168.7,47.81,119.02
1030,4/2/2019 16:00:00,174.2,48.51,119.19
1031,4/3/2019 16:00:00,173.54,48.84,119.97
1032,4/4/2019 16:00:00,176.02,48.92,119.36
1033,4/5/2019 16:00:00,175.72,49.25,119.89
1034,4/8/2019 16:00:00,174.93,50.03,119.93
1035,4/9/2019 16:00:00,177.58,49.88,119.28
1036,4/10/2019 16:00:00,177.82,50.16,120.19
1037,4/11/2019 16:00:00,177.51,49.74,120.33
1038,4/12/2019 16:00:00,179.1,49.72,120.95
1039,4/15/2019 16:00:00,179.65,49.81,121.05
1040,4/16/2019 16:00:00,178.87,49.81,120.77
1041,4/17/2019 16:00:00,178.78,50.78,121.77
1042,4/18/2019 16:00:00,178.28,50.97,123.37
1043,4/22/2019 16:00:00,181.44,51.13,123.76
1044,4/23/2019 16:00:00,183.78,51.87,125.44
1045,4/24/2019 16:00:00,182.58,51.79,125.01
1046,4/25/2019 16:00:00,193.26,51.32,129.15
1047,4/26/2019 16:00:00,191.49,51.08,129.89
1048,4/29/2019 16:00:00,194.78,51.15,129.77
1049,4/30/2019 16:00:00,193.4,50.17,130.6
1050,5/1/2019 16:00:00,193.03,52.63,127.88