,Date,Close,Date,Close,Date,Close
1,3/2/2015 16:00:00,79.75,3/2/2015 16:00:00,32.27,3/2/2015 16:00:00,43.88
2,3/3/2015 16:00:00,79.6,3/3/2015 16:00:00,32.34,3/3/2015 16:00:00,43.28
3,3/4/2015 16:00:00,80.9,3/4/2015 16:00:00,32.14,3/4/2015 16:00:00,43.06
4,3/5/2015 16:00:00,81.21,3/5/2015 16:00:00,31.6,3/5/2015 16:00:00,43.11
5,3/6/2015 16:00:00,80.01,3/6/2015 16:00:00,31.65,3/6/2015 16:00:00,42.36
6,3/9/2015 16:00:00,79.44,3/9/2015 16:00:00,31.79,3/9/2015 16:00:00,42.85
7,3/10/2015 16:00:00,77.55,3/10/2015 16:00:00,31.13,3/10/2015 16:00:00,42.03
8,3/11/2015 16:00:00,77.57,3/11/2015 16:00:00,30.56,3/11/2015 16:00:00,41.98
9,3/12/2015 16:00:00,78.93,3/12/2015 16:00:00,31.11,3/12/2015 16:00:00,41.02
10,3/13/2015 16:00:00,78.05,3/13/2015 16:00:00,30.9,3/13/2015 16:00:00,41.38
11,3/16/2015 16:00:00,78.07,3/16/2015 16:00:00,31.24,3/16/2015 16:00:00,41.56
12,3/17/2015 16:00:00,79.36,3/17/2015 16:00:00,31.76,3/17/2015 16:00:00,41.7
13,3/18/2015 16:00:00,80.91,3/18/2015 16:00:00,32.12,3/18/2015 16:00:00,42.5
14,3/19/2015 16:00:00,82.75,3/19/2015 16:00:00,31.87,3/19/2015 16:00:00,42.29
15,3/20/2015 16:00:00,83.8,3/20/2015 16:00:00,31.48,3/20/2015 16:00:00,42.88
16,3/23/2015 16:00:00,84.43,3/23/2015 16:00:00,31.8,3/23/2015 16:00:00,42.86
17,3/24/2015 16:00:00,85.31,3/24/2015 16:00:00,31.67,3/24/2015 16:00:00,42.9
18,3/25/2015 16:00:00,82.92,3/25/2015 16:00:00,30.85,3/25/2015 16:00:00,41.46
19,3/26/2015 16:00:00,83.01,3/26/2015 16:00:00,31.06,3/26/2015 16:00:00,41.21
20,3/27/2015 16:00:00,83.3,3/27/2015 16:00:00,30.81,3/27/2015 16:00:00,40.97
21,3/30/2015 16:00:00,83.2,3/30/2015 16:00:00,31.59,3/30/2015 16:00:00,40.96
22,3/31/2015 16:00:00,82.22,3/31/2015 16:00:00,31.11,3/31/2015 16:00:00,40.66
23,4/1/2015 16:00:00,81.67,4/1/2015 16:00:00,31.06,4/1/2015 16:00:00,40.72
24,4/2/2015 16:00:00,81.56,4/2/2015 16:00:00,31.33,4/2/2015 16:00:00,40.29
25,4/6/2015 16:00:00,82.44,4/6/2015 16:00:00,31.84,4/6/2015 16:00:00,41.55
26,4/7/2015 16:00:00,82.32,4/7/2015 16:00:00,31.5,4/7/2015 16:00:00,41.53
27,4/8/2015 16:00:00,82.28,4/8/2015 16:00:00,31.4,4/8/2015 16:00:00,41.42
28,4/9/2015 16:00:00,82.17,4/9/2015 16:00:00,31.64,4/9/2015 16:00:00,41.48
29,4/10/2015 16:00:00,82.04,4/10/2015 16:00:00,31.78,4/10/2015 16:00:00,41.72
30,4/13/2015 16:00:00,83.01,4/13/2015 16:00:00,31.71,4/13/2015 16:00:00,41.76
31,4/14/2015 16:00:00,83.52,4/14/2015 16:00:00,31.58,4/14/2015 16:00:00,41.65
32,4/15/2015 16:00:00,82.71,4/15/2015 16:00:00,31.7,4/15/2015 16:00:00,42.26
33,4/16/2015 16:00:00,82.31,4/16/2015 16:00:00,31.54,4/16/2015 16:00:00,42.16
34,4/17/2015 16:00:00,80.78,4/17/2015 16:00:00,31.19,4/17/2015 16:00:00,41.62
35,4/20/2015 16:00:00,83.09,4/20/2015 16:00:00,31.9,4/20/2015 16:00:00,42.91
36,4/21/2015 16:00:00,83.62,4/21/2015 16:00:00,31.73,4/21/2015 16:00:00,42.64
37,4/22/2015 16:00:00,84.63,4/22/2015 16:00:00,32.16,4/22/2015 16:00:00,42.99
38,4/23/2015 16:00:00,82.41,4/23/2015 16:00:00,32.42,4/23/2015 16:00:00,43.34
39,4/24/2015 16:00:00,81.53,4/24/2015 16:00:00,32.57,4/24/2015 16:00:00,47.87
40,4/27/2015 16:00:00,81.91,4/27/2015 16:00:00,33.16,4/27/2015 16:00:00,48.03
41,4/28/2015 16:00:00,80.68,4/28/2015 16:00:00,32.64,4/28/2015 16:00:00,49.16
42,4/29/2015 16:00:00,80.47,4/29/2015 16:00:00,32.16,4/29/2015 16:00:00,49.06
43,4/30/2015 16:00:00,78.77,4/30/2015 16:00:00,31.29,4/30/2015 16:00:00,48.64
44,5/1/2015 16:00:00,78.99,5/1/2015 16:00:00,32.24,5/1/2015 16:00:00,48.66
45,5/4/2015 16:00:00,78.81,5/4/2015 16:00:00,32.17,5/4/2015 16:00:00,48.24
46,5/5/2015 16:00:00,77.56,5/5/2015 16:00:00,31.45,5/5/2015 16:00:00,47.6
47,5/6/2015 16:00:00,78.1,5/6/2015 16:00:00,31.25,5/6/2015 16:00:00,46.28
48,5/7/2015 16:00:00,78.43,5/7/2015 16:00:00,31.32,5/7/2015 16:00:00,46.7
49,5/8/2015 16:00:00,78.51,5/8/2015 16:00:00,31.91,5/8/2015 16:00:00,47.75
50,5/11/2015 16:00:00,78.01,5/11/2015 16:00:00,31.58,5/11/2015 16:00:00,47.37
51,5/12/2015 16:00:00,77.46,5/12/2015 16:00:00,31.47,5/12/2015 16:00:00,47.35
52,5/13/2015 16:00:00,78.44,5/13/2015 16:00:00,31.5,5/13/2015 16:00:00,47.63
53,5/14/2015 16:00:00,81.37,5/14/2015 16:00:00,32.24,5/14/2015 16:00:00,48.72
54,5/15/2015 16:00:00,80.42,5/15/2015 16:00:00,32.19,5/15/2015 16:00:00,48.3
55,5/18/2015 16:00:00,80.88,5/18/2015 16:00:00,32.55,5/18/2015 16:00:00,48.01
56,5/19/2015 16:00:00,80.63,5/19/2015 16:00:00,32.52,5/19/2015 16:00:00,47.58
57,5/20/2015 16:00:00,80.55,5/20/2015 16:00:00,32.52,5/20/2015 16:00:00,47.58
58,5/21/2015 16:00:00,80.48,5/21/2015 16:00:00,32.85,5/21/2015 16:00:00,47.42
59,5/22/2015 16:00:00,80.54,5/22/2015 16:00:00,33.14,5/22/2015 16:00:00,46.9
60,5/26/2015 16:00:00,79.33,5/26/2015 16:00:00,32.41,5/26/2015 16:00:00,46.59
61,5/27/2015 16:00:00,80.55,5/27/2015 16:00:00,33.01,5/27/2015 16:00:00,47.61
62,5/28/2015 16:00:00,80.15,5/28/2015 16:00:00,32.95,5/28/2015 16:00:00,47.45
63,5/29/2015 16:00:00,79.19,5/29/2015 16:00:00,32.57,5/29/2015 16:00:00,46.86
64,6/1/2015 16:00:00,80.29,6/1/2015 16:00:00,32.63,6/1/2015 16:00:00,47.23
65,6/2/2015 16:00:00,80.44,6/2/2015 16:00:00,32.49,6/2/2015 16:00:00,46.92
66,6/3/2015 16:00:00,82.44,6/3/2015 16:00:00,32.53,6/3/2015 16:00:00,46.85
67,6/4/2015 16:00:00,82.05,6/4/2015 16:00:00,32.34,6/4/2015 16:00:00,46.36
68,6/5/2015 16:00:00,82.14,6/5/2015 16:00:00,32.16,6/5/2015 16:00:00,46.14
69,6/8/2015 16:00:00,80.67,6/8/2015 16:00:00,31.95,6/8/2015 16:00:00,45.73
70,6/9/2015 16:00:00,80.67,6/9/2015 16:00:00,31.86,6/9/2015 16:00:00,45.65
71,6/10/2015 16:00:00,82.16,6/10/2015 16:00:00,32.22,6/10/2015 16:00:00,46.61
72,6/11/2015 16:00:00,81.83,6/11/2015 16:00:00,32.15,6/11/2015 16:00:00,46.44
73,6/12/2015 16:00:00,81.53,6/12/2015 16:00:00,31.79,6/12/2015 16:00:00,45.97
74,6/15/2015 16:00:00,80.71,6/15/2015 16:00:00,31.73,6/15/2015 16:00:00,45.48
75,6/16/2015 16:00:00,81.06,6/16/2015 16:00:00,31.9,6/16/2015 16:00:00,45.83
76,6/17/2015 16:00:00,81.79,6/17/2015 16:00:00,31.83,6/17/2015 16:00:00,45.97
77,6/18/2015 16:00:00,82.91,6/18/2015 16:00:00,31.97,6/18/2015 16:00:00,46.72
78,6/19/2015 16:00:00,82.51,6/19/2015 16:00:00,31.65,6/19/2015 16:00:00,46.1
79,6/22/2015 16:00:00,84.74,6/22/2015 16:00:00,31.9,6/22/2015 16:00:00,46.23
80,6/23/2015 16:00:00,87.88,6/23/2015 16:00:00,31.76,6/23/2015 16:00:00,45.91
81,6/24/2015 16:00:00,88.86,6/24/2015 16:00:00,32.03,6/24/2015 16:00:00,45.64
82,6/25/2015 16:00:00,87.98,6/25/2015 16:00:00,31.88,6/25/2015 16:00:00,45.65
83,6/26/2015 16:00:00,88.01,6/26/2015 16:00:00,31.69,6/26/2015 16:00:00,45.26
84,6/29/2015 16:00:00,85.8,6/29/2015 16:00:00,31.13,6/29/2015 16:00:00,44.37
85,6/30/2015 16:00:00,85.77,6/30/2015 16:00:00,31.36,6/30/2015 16:00:00,44.15
86,7/1/2015 16:00:00,86.91,7/1/2015 16:00:00,31.65,7/1/2015 16:00:00,44.45
87,7/2/2015 16:00:00,87.29,7/2/2015 16:00:00,31.61,7/2/2015 16:00:00,44.4
88,7/6/2015 16:00:00,87.55,7/6/2015 16:00:00,31.5,7/6/2015 16:00:00,44.39
89,7/7/2015 16:00:00,87.22,7/7/2015 16:00:00,31.42,7/7/2015 16:00:00,44.3
90,7/8/2015 16:00:00,85.65,7/8/2015 16:00:00,30.64,7/8/2015 16:00:00,44.24
91,7/9/2015 16:00:00,85.88,7/9/2015 16:00:00,30.02,7/9/2015 16:00:00,44.52
92,7/10/2015 16:00:00,87.95,7/10/2015 16:00:00,30.82,7/10/2015 16:00:00,44.61
93,7/13/2015 16:00:00,90.1,7/13/2015 16:00:00,31.42,7/13/2015 16:00:00,45.54
94,7/14/2015 16:00:00,89.68,7/14/2015 16:00:00,31.4,7/14/2015 16:00:00,45.62
95,7/15/2015 16:00:00,89.76,7/15/2015 16:00:00,31.71,7/15/2015 16:00:00,45.76
96,7/16/2015 16:00:00,90.85,7/16/2015 16:00:00,32.13,7/16/2015 16:00:00,46.66
97,7/17/2015 16:00:00,94.97,7/17/2015 16:00:00,32.41,7/17/2015 16:00:00,46.62
98,7/20/2015 16:00:00,97.91,7/20/2015 16:00:00,33.02,7/20/2015 16:00:00,46.92
99,7/21/2015 16:00:00,98.39,7/21/2015 16:00:00,32.69,7/21/2015 16:00:00,47.28
100,7/22/2015 16:00:00,97.04,7/22/2015 16:00:00,31.31,7/22/2015 16:00:00,45.54
101,7/23/2015 16:00:00,95.44,7/23/2015 16:00:00,31.29,7/23/2015 16:00:00,46.11
102,7/24/2015 16:00:00,96.95,7/24/2015 16:00:00,31.13,7/24/2015 16:00:00,45.94
103,7/27/2015 16:00:00,94.17,7/27/2015 16:00:00,30.69,7/27/2015 16:00:00,45.35
104,7/28/2015 16:00:00,95.29,7/28/2015 16:00:00,30.85,7/28/2015 16:00:00,45.34
105,7/29/2015 16:00:00,96.99,7/29/2015 16:00:00,30.75,7/29/2015 16:00:00,46.29
106,7/30/2015 16:00:00,95.21,7/30/2015 16:00:00,30.59,7/30/2015 16:00:00,46.88
107,7/31/2015 16:00:00,94.01,7/31/2015 16:00:00,30.33,7/31/2015 16:00:00,46.7
108,8/3/2015 16:00:00,94.14,8/3/2015 16:00:00,29.61,8/3/2015 16:00:00,46.81
109,8/4/2015 16:00:00,94.06,8/4/2015 16:00:00,28.66,8/4/2015 16:00:00,47.54
110,8/5/2015 16:00:00,96.44,8/5/2015 16:00:00,28.85,8/5/2015 16:00:00,47.58
111,8/6/2015 16:00:00,95.12,8/6/2015 16:00:00,28.78,8/6/2015 16:00:00,46.62
112,8/7/2015 16:00:00,94.3,8/7/2015 16:00:00,28.88,8/7/2015 16:00:00,46.74
113,8/10/2015 16:00:00,94.15,8/10/2015 16:00:00,29.93,8/10/2015 16:00:00,47.33
114,8/11/2015 16:00:00,93.62,8/11/2015 16:00:00,28.37,8/11/2015 16:00:00,46.41
115,8/12/2015 16:00:00,94.19,8/12/2015 16:00:00,28.81,8/12/2015 16:00:00,46.74
116,8/13/2015 16:00:00,93.43,8/13/2015 16:00:00,28.79,8/13/2015 16:00:00,46.73
117,8/14/2015 16:00:00,94.42,8/14/2015 16:00:00,28.99,8/14/2015 16:00:00,47
118,8/17/2015 16:00:00,93.93,8/17/2015 16:00:00,29.29,8/17/2015 16:00:00,47.32
119,8/18/2015 16:00:00,95.17,8/18/2015 16:00:00,29.13,8/18/2015 16:00:00,47.27
120,8/19/2015 16:00:00,95.31,8/19/2015 16:00:00,28.75,8/19/2015 16:00:00,46.61
121,8/20/2015 16:00:00,90.56,8/20/2015 16:00:00,28.16,8/20/2015 16:00:00,45.66
122,8/21/2015 16:00:00,86.06,8/21/2015 16:00:00,26.44,8/21/2015 16:00:00,43.07
123,8/24/2015 16:00:00,82.09,8/24/2015 16:00:00,25.78,8/24/2015 16:00:00,41.68
124,8/25/2015 16:00:00,83,8/25/2015 16:00:00,25.94,8/25/2015 16:00:00,40.47
125,8/26/2015 16:00:00,87.19,8/26/2015 16:00:00,27.42,8/26/2015 16:00:00,42.71
126,8/27/2015 16:00:00,89.73,8/27/2015 16:00:00,28.23,8/27/2015 16:00:00,43.9
127,8/28/2015 16:00:00,91.01,8/28/2015 16:00:00,28.32,8/28/2015 16:00:00,43.93
128,8/31/2015 16:00:00,89.43,8/31/2015 16:00:00,28.19,8/31/2015 16:00:00,43.52
129,9/1/2015 16:00:00,87.23,9/1/2015 16:00:00,26.93,9/1/2015 16:00:00,41.82
130,9/2/2015 16:00:00,89.89,9/2/2015 16:00:00,28.09,9/2/2015 16:00:00,43.36
131,9/3/2015 16:00:00,88.15,9/3/2015 16:00:00,27.59,9/3/2015 16:00:00,43.5
132,9/4/2015 16:00:00,88.26,9/4/2015 16:00:00,27.32,9/4/2015 16:00:00,42.61
133,9/8/2015 16:00:00,89.53,9/8/2015 16:00:00,28.08,9/8/2015 16:00:00,43.89
134,9/9/2015 16:00:00,90.44,9/9/2015 16:00:00,27.54,9/9/2015 16:00:00,43.07
135,9/10/2015 16:00:00,91.98,9/10/2015 16:00:00,28.14,9/10/2015 16:00:00,43.29
136,9/11/2015 16:00:00,92.05,9/11/2015 16:00:00,28.55,9/11/2015 16:00:00,43.48
137,9/14/2015 16:00:00,92.31,9/14/2015 16:00:00,28.83,9/14/2015 16:00:00,43.04
138,9/15/2015 16:00:00,92.9,9/15/2015 16:00:00,29.07,9/15/2015 16:00:00,43.98
139,9/16/2015 16:00:00,93.45,9/16/2015 16:00:00,29.1,9/16/2015 16:00:00,44.3
140,9/17/2015 16:00:00,94.34,9/17/2015 16:00:00,28.48,9/17/2015 16:00:00,44.25
141,9/18/2015 16:00:00,94.4,9/18/2015 16:00:00,28.36,9/18/2015 16:00:00,43.48
142,9/21/2015 16:00:00,95.55,9/21/2015 16:00:00,28.8,9/21/2015 16:00:00,44.11
143,9/22/2015 16:00:00,92.96,9/22/2015 16:00:00,28.35,9/22/2015 16:00:00,43.9
144,9/23/2015 16:00:00,93.97,9/23/2015 16:00:00,28.58,9/23/2015 16:00:00,43.87
145,9/24/2015 16:00:00,94.41,9/24/2015 16:00:00,28.75,9/24/2015 16:00:00,43.91
146,9/25/2015 16:00:00,92.77,9/25/2015 16:00:00,28.68,9/25/2015 16:00:00,43.94
147,9/28/2015 16:00:00,89.21,9/28/2015 16:00:00,28.11,9/28/2015 16:00:00,43.29
148,9/29/2015 16:00:00,86.67,9/29/2015 16:00:00,27.27,9/29/2015 16:00:00,43.44
149,9/30/2015 16:00:00,89.9,9/30/2015 16:00:00,27.58,9/30/2015 16:00:00,44.26
150,10/1/2015 16:00:00,90.95,10/1/2015 16:00:00,27.4,10/1/2015 16:00:00,44.61
151,10/2/2015 16:00:00,92.07,10/2/2015 16:00:00,27.6,10/2/2015 16:00:00,45.57
152,10/5/2015 16:00:00,94.01,10/5/2015 16:00:00,27.7,10/5/2015 16:00:00,46.63
153,10/6/2015 16:00:00,92.8,10/6/2015 16:00:00,27.83,10/6/2015 16:00:00,46.75
154,10/7/2015 16:00:00,92.4,10/7/2015 16:00:00,27.7,10/7/2015 16:00:00,46.8
155,10/8/2015 16:00:00,92.47,10/8/2015 16:00:00,27.38,10/8/2015 16:00:00,47.45
156,10/9/2015 16:00:00,93.24,10/9/2015 16:00:00,28.03,10/9/2015 16:00:00,47.11
157,10/12/2015 16:00:00,94.26,10/12/2015 16:00:00,27.9,10/12/2015 16:00:00,47
158,10/13/2015 16:00:00,94.12,10/13/2015 16:00:00,27.95,10/13/2015 16:00:00,46.89
159,10/14/2015 16:00:00,94.07,10/14/2015 16:00:00,27.55,10/14/2015 16:00:00,46.68
160,10/15/2015 16:00:00,95.96,10/15/2015 16:00:00,27.97,10/15/2015 16:00:00,47.01
161,10/16/2015 16:00:00,97.54,10/16/2015 16:00:00,27.76,10/16/2015 16:00:00,47.51
162,10/19/2015 16:00:00,98.47,10/19/2015 16:00:00,27.93,10/19/2015 16:00:00,47.62
163,10/20/2015 16:00:00,97,10/20/2015 16:00:00,28.44,10/20/2015 16:00:00,47.77
164,10/21/2015 16:00:00,97.11,10/21/2015 16:00:00,28.44,10/21/2015 16:00:00,47.2
165,10/22/2015 16:00:00,99.67,10/22/2015 16:00:00,28.88,10/22/2015 16:00:00,48.03
166,10/23/2015 16:00:00,102.19,10/23/2015 16:00:00,29.77,10/23/2015 16:00:00,52.87
167,10/26/2015 16:00:00,103.77,10/26/2015 16:00:00,28.82,10/26/2015 16:00:00,54.25
168,10/27/2015 16:00:00,103.7,10/27/2015 16:00:00,28.64,10/27/2015 16:00:00,53.69
169,10/28/2015 16:00:00,104.2,10/28/2015 16:00:00,29.82,10/28/2015 16:00:00,53.98
170,10/29/2015 16:00:00,104.88,10/29/2015 16:00:00,30.13,10/29/2015 16:00:00,53.36
171,10/30/2015 16:00:00,101.97,10/30/2015 16:00:00,29.88,10/30/2015 16:00:00,52.64
172,11/2/2015 16:00:00,103.31,11/2/2015 16:00:00,30.3,11/2/2015 16:00:00,53.24
173,11/3/2015 16:00:00,102.58,11/3/2015 16:00:00,30.64,11/3/2015 16:00:00,54.15
174,11/4/2015 16:00:00,103.94,11/4/2015 16:00:00,30.5,11/4/2015 16:00:00,54.4
175,11/5/2015 16:00:00,108.76,11/5/2015 16:00:00,30.23,11/5/2015 16:00:00,54.38
176,11/6/2015 16:00:00,107.1,11/6/2015 16:00:00,30.27,11/6/2015 16:00:00,54.92
177,11/9/2015 16:00:00,106.49,11/9/2015 16:00:00,30.14,11/9/2015 16:00:00,54.16
178,11/10/2015 16:00:00,107.91,11/10/2015 16:00:00,29.19,11/10/2015 16:00:00,53.51
179,11/11/2015 16:00:00,109.01,11/11/2015 16:00:00,29.03,11/11/2015 16:00:00,53.65
180,11/12/2015 16:00:00,108.02,11/12/2015 16:00:00,28.93,11/12/2015 16:00:00,53.32
181,11/13/2015 16:00:00,103.95,11/13/2015 16:00:00,28.09,11/13/2015 16:00:00,52.84
182,11/16/2015 16:00:00,104.04,11/16/2015 16:00:00,28.54,11/16/2015 16:00:00,53.77
183,11/17/2015 16:00:00,105.13,11/17/2015 16:00:00,28.42,11/17/2015 16:00:00,52.97
184,11/18/2015 16:00:00,107.77,11/18/2015 16:00:00,29.32,11/18/2015 16:00:00,53.85
185,11/19/2015 16:00:00,106.26,11/19/2015 16:00:00,29.7,11/19/2015 16:00:00,53.94
186,11/20/2015 16:00:00,107.32,11/20/2015 16:00:00,29.83,11/20/2015 16:00:00,54.19
187,11/23/2015 16:00:00,106.95,11/23/2015 16:00:00,29.44,11/23/2015 16:00:00,54.19
188,11/24/2015 16:00:00,105.74,11/24/2015 16:00:00,29.72,11/24/2015 16:00:00,54.25
189,11/25/2015 16:00:00,105.41,11/25/2015 16:00:00,29.51,11/25/2015 16:00:00,53.69
190,11/27/2015 16:00:00,105.45,11/27/2015 16:00:00,29.45,11/27/2015 16:00:00,53.93
191,11/30/2015 16:00:00,104.24,11/30/2015 16:00:00,29.58,11/30/2015 16:00:00,54.35
192,12/1/2015 16:00:00,107.12,12/1/2015 16:00:00,29.34,12/1/2015 16:00:00,55.22
193,12/2/2015 16:00:00,106.07,12/2/2015 16:00:00,29.07,12/2/2015 16:00:00,55.21
194,12/3/2015 16:00:00,104.38,12/3/2015 16:00:00,28.8,12/3/2015 16:00:00,54.2
195,12/4/2015 16:00:00,106.18,12/4/2015 16:00:00,29.76,12/4/2015 16:00:00,55.91
196,12/7/2015 16:00:00,105.61,12/7/2015 16:00:00,29.57,12/7/2015 16:00:00,55.81
197,12/8/2015 16:00:00,106.49,12/8/2015 16:00:00,29.56,12/8/2015 16:00:00,55.79
198,12/9/2015 16:00:00,104.6,12/9/2015 16:00:00,28.91,12/9/2015 16:00:00,54.98
199,12/10/2015 16:00:00,105.42,12/10/2015 16:00:00,29.04,12/10/2015 16:00:00,55.27
200,12/11/2015 16:00:00,102.12,12/11/2015 16:00:00,28.3,12/11/2015 16:00:00,54.06
201,12/14/2015 16:00:00,104.66,12/14/2015 16:00:00,28.12,12/14/2015 16:00:00,55.14
202,12/15/2015 16:00:00,104.55,12/15/2015 16:00:00,27.62,12/15/2015 16:00:00,55.2
203,12/16/2015 16:00:00,106.79,12/16/2015 16:00:00,27.84,12/16/2015 16:00:00,56.13
204,12/17/2015 16:00:00,106.22,12/17/2015 16:00:00,27.25,12/17/2015 16:00:00,55.7
205,12/18/2015 16:00:00,104.04,12/18/2015 16:00:00,26.51,12/18/2015 16:00:00,54.13
206,12/21/2015 16:00:00,104.77,12/21/2015 16:00:00,26.83,12/21/2015 16:00:00,54.83
207,12/22/2015 16:00:00,105.51,12/22/2015 16:00:00,26.81,12/22/2015 16:00:00,55.35
208,12/23/2015 16:00:00,104.63,12/23/2015 16:00:00,27.15,12/23/2015 16:00:00,55.82
209,12/24/2015 16:00:00,105.02,12/24/2015 16:00:00,27.01,12/24/2015 16:00:00,55.67
210,12/28/2015 16:00:00,105.93,12/28/2015 16:00:00,26.71,12/28/2015 16:00:00,55.95
211,12/29/2015 16:00:00,107.26,12/29/2015 16:00:00,27.19,12/29/2015 16:00:00,56.55
212,12/30/2015 16:00:00,106.22,12/30/2015 16:00:00,26.83,12/30/2015 16:00:00,56.31
213,12/31/2015 16:00:00,104.66,12/31/2015 16:00:00,26.32,12/31/2015 16:00:00,55.48
214,1/4/2016 16:00:00,102.22,1/4/2016 16:00:00,26.34,1/4/2016 16:00:00,54.8
215,1/5/2016 16:00:00,102.73,1/5/2016 16:00:00,25.68,1/5/2016 16:00:00,55.05
216,1/6/2016 16:00:00,102.97,1/6/2016 16:00:00,25.18,1/6/2016 16:00:00,54.05
217,1/7/2016 16:00:00,97.92,1/7/2016 16:00:00,24.11,1/7/2016 16:00:00,52.17
218,1/8/2016 16:00:00,97.33,1/8/2016 16:00:00,24.24,1/8/2016 16:00:00,52.33
219,1/11/2016 16:00:00,97.51,1/11/2016 16:00:00,24.63,1/11/2016 16:00:00,52.3
220,1/12/2016 16:00:00,99.37,1/12/2016 16:00:00,24.99,1/12/2016 16:00:00,52.78
221,1/13/2016 16:00:00,95.44,1/13/2016 16:00:00,24.35,1/13/2016 16:00:00,51.64
222,1/14/2016 16:00:00,98.37,1/14/2016 16:00:00,24.88,1/14/2016 16:00:00,53.11
223,1/15/2016 16:00:00,94.97,1/15/2016 16:00:00,24.28,1/15/2016 16:00:00,50.99
224,1/19/2016 16:00:00,95.26,1/19/2016 16:00:00,24.17,1/19/2016 16:00:00,50.56
225,1/20/2016 16:00:00,94.35,1/20/2016 16:00:00,24.2,1/20/2016 16:00:00,50.79
226,1/21/2016 16:00:00,94.16,1/21/2016 16:00:00,24.08,1/21/2016 16:00:00,50.48
227,1/22/2016 16:00:00,97.94,1/22/2016 16:00:00,25.36,1/22/2016 16:00:00,52.29
228,1/25/2016 16:00:00,97.01,1/25/2016 16:00:00,24.86,1/25/2016 16:00:00,51.79
229,1/26/2016 16:00:00,97.34,1/26/2016 16:00:00,25,1/26/2016 16:00:00,52.17
230,1/27/2016 16:00:00,94.45,1/27/2016 16:00:00,23.36,1/27/2016 16:00:00,51.22
231,1/28/2016 16:00:00,109.11,1/28/2016 16:00:00,23.52,1/28/2016 16:00:00,52.06
232,1/29/2016 16:00:00,112.21,1/29/2016 16:00:00,24.34,1/29/2016 16:00:00,55.09
233,2/1/2016 16:00:00,115.09,2/1/2016 16:00:00,24.11,2/1/2016 16:00:00,54.71
234,2/2/2016 16:00:00,114.61,2/2/2016 16:00:00,23.62,2/2/2016 16:00:00,53
235,2/3/2016 16:00:00,112.69,2/3/2016 16:00:00,24.09,2/3/2016 16:00:00,52.16
236,2/4/2016 16:00:00,110.49,2/4/2016 16:00:00,24.15,2/4/2016 16:00:00,52
237,2/5/2016 16:00:00,104.07,2/5/2016 16:00:00,23.51,2/5/2016 16:00:00,50.16
238,2/8/2016 16:00:00,99.75,2/8/2016 16:00:00,23.75,2/8/2016 16:00:00,49.41
239,2/9/2016 16:00:00,99.54,2/9/2016 16:00:00,23.75,2/9/2016 16:00:00,49.28
240,2/10/2016 16:00:00,101,2/10/2016 16:00:00,23.57,2/10/2016 16:00:00,49.71
241,2/11/2016 16:00:00,101.91,2/11/2016 16:00:00,23.43,2/11/2016 16:00:00,49.69
242,2/12/2016 16:00:00,102.01,2/12/2016 16:00:00,23.5,2/12/2016 16:00:00,50.5
243,2/16/2016 16:00:00,101.61,2/16/2016 16:00:00,24.16,2/16/2016 16:00:00,51.09
244,2/17/2016 16:00:00,105.2,2/17/2016 16:00:00,24.53,2/17/2016 16:00:00,52.42
245,2/18/2016 16:00:00,103.47,2/18/2016 16:00:00,24.07,2/18/2016 16:00:00,52.19
246,2/19/2016 16:00:00,104.57,2/19/2016 16:00:00,24.01,2/19/2016 16:00:00,51.82
247,2/22/2016 16:00:00,107.16,2/22/2016 16:00:00,24.22,2/22/2016 16:00:00,52.65
248,2/23/2016 16:00:00,105.46,2/23/2016 16:00:00,23.67,2/23/2016 16:00:00,51.18
249,2/24/2016 16:00:00,106.88,2/24/2016 16:00:00,24.03,2/24/2016 16:00:00,51.36
250,2/25/2016 16:00:00,108.07,2/25/2016 16:00:00,24.19,2/25/2016 16:00:00,52.1
251,2/26/2016 16:00:00,107.92,2/26/2016 16:00:00,24.23,2/26/2016 16:00:00,51.3
252,2/29/2016 16:00:00,106.92,2/29/2016 16:00:00,24.17,2/29/2016 16:00:00,50.88
253,3/1/2016 16:00:00,109.82,3/1/2016 16:00:00,25.13,3/1/2016 16:00:00,52.58
254,3/2/2016 16:00:00,109.95,3/2/2016 16:00:00,25.19,3/2/2016 16:00:00,52.95
255,3/3/2016 16:00:00,109.58,3/3/2016 16:00:00,25.38,3/3/2016 16:00:00,52.35
256,3/4/2016 16:00:00,108.39,3/4/2016 16:00:00,25.75,3/4/2016 16:00:00,52.03
257,3/7/2016 16:00:00,105.73,3/7/2016 16:00:00,25.47,3/7/2016 16:00:00,51.03
258,3/8/2016 16:00:00,105.93,3/8/2016 16:00:00,25.26,3/8/2016 16:00:00,51.65
259,3/9/2016 16:00:00,107.51,3/9/2016 16:00:00,25.28,3/9/2016 16:00:00,52.84
260,3/10/2016 16:00:00,107.32,3/10/2016 16:00:00,25.29,3/10/2016 16:00:00,52.05
261,3/11/2016 16:00:00,109.41,3/11/2016 16:00:00,25.57,3/11/2016 16:00:00,53.07
262,3/14/2016 16:00:00,109.89,3/14/2016 16:00:00,25.63,3/14/2016 16:00:00,53.17
263,3/15/2016 16:00:00,110.67,3/15/2016 16:00:00,26.15,3/15/2016 16:00:00,53.59
264,3/16/2016 16:00:00,112.18,3/16/2016 16:00:00,26.49,3/16/2016 16:00:00,54.35
265,3/17/2016 16:00:00,111.02,3/17/2016 16:00:00,26.45,3/17/2016 16:00:00,54.66
266,3/18/2016 16:00:00,111.45,3/18/2016 16:00:00,26.48,3/18/2016 16:00:00,53.49
267,3/21/2016 16:00:00,111.85,3/21/2016 16:00:00,26.48,3/21/2016 16:00:00,53.86
268,3/22/2016 16:00:00,112.25,3/22/2016 16:00:00,26.68,3/22/2016 16:00:00,54.07
269,3/23/2016 16:00:00,112.54,3/23/2016 16:00:00,26.53,3/23/2016 16:00:00,53.97
270,3/24/2016 16:00:00,113.05,3/24/2016 16:00:00,26.42,3/24/2016 16:00:00,54.21
271,3/28/2016 16:00:00,113.69,3/28/2016 16:00:00,26.3,3/28/2016 16:00:00,53.54
272,3/29/2016 16:00:00,116.14,3/29/2016 16:00:00,26.92,3/29/2016 16:00:00,54.71
273,3/30/2016 16:00:00,114.7,3/30/2016 16:00:00,27.39,3/30/2016 16:00:00,55.05
274,3/31/2016 16:00:00,114.1,3/31/2016 16:00:00,27.25,3/31/2016 16:00:00,55.23
275,4/1/2016 16:00:00,116.06,4/1/2016 16:00:00,27.5,4/1/2016 16:00:00,55.57
276,4/4/2016 16:00:00,112.55,4/4/2016 16:00:00,27.78,4/4/2016 16:00:00,55.43
277,4/5/2016 16:00:00,112.22,4/5/2016 16:00:00,27.45,4/5/2016 16:00:00,54.56
278,4/6/2016 16:00:00,113.71,4/6/2016 16:00:00,27.74,4/6/2016 16:00:00,55.12
279,4/7/2016 16:00:00,113.64,4/7/2016 16:00:00,27.14,4/7/2016 16:00:00,54.46
280,4/8/2016 16:00:00,110.63,4/8/2016 16:00:00,27.17,4/8/2016 16:00:00,54.42
281,4/11/2016 16:00:00,108.99,4/11/2016 16:00:00,27.26,4/11/2016 16:00:00,54.31
282,4/12/2016 16:00:00,110.61,4/12/2016 16:00:00,27.61,4/12/2016 16:00:00,54.65
283,4/13/2016 16:00:00,110.51,4/13/2016 16:00:00,28.01,4/13/2016 16:00:00,55.35
284,4/14/2016 16:00:00,110.84,4/14/2016 16:00:00,28.03,4/14/2016 16:00:00,55.36
285,4/15/2016 16:00:00,109.64,4/15/2016 16:00:00,27.46,4/15/2016 16:00:00,55.65
286,4/18/2016 16:00:00,110.45,4/18/2016 16:00:00,26.87,4/18/2016 16:00:00,56.46
287,4/19/2016 16:00:00,112.29,4/19/2016 16:00:00,26.73,4/19/2016 16:00:00,56.39
288,4/20/2016 16:00:00,112.42,4/20/2016 16:00:00,26.78,4/20/2016 16:00:00,55.59
289,4/21/2016 16:00:00,113.44,4/21/2016 16:00:00,26.49,4/21/2016 16:00:00,55.78
290,4/22/2016 16:00:00,110.56,4/22/2016 16:00:00,26.42,4/22/2016 16:00:00,51.78
291,4/25/2016 16:00:00,110.1,4/25/2016 16:00:00,26.27,4/25/2016 16:00:00,52.11
292,4/26/2016 16:00:00,108.76,4/26/2016 16:00:00,26.09,4/26/2016 16:00:00,51.44
293,4/27/2016 16:00:00,108.89,4/27/2016 16:00:00,24.46,4/27/2016 16:00:00,50.94
294,4/28/2016 16:00:00,116.73,4/28/2016 16:00:00,23.71,4/28/2016 16:00:00,49.9
295,4/29/2016 16:00:00,117.58,4/29/2016 16:00:00,23.44,4/29/2016 16:00:00,49.87
296,5/2/2016 16:00:00,118.57,5/2/2016 16:00:00,23.41,5/2/2016 16:00:00,50.61
297,5/3/2016 16:00:00,117.43,5/3/2016 16:00:00,23.8,5/3/2016 16:00:00,49.78
298,5/4/2016 16:00:00,118.06,5/4/2016 16:00:00,23.55,5/4/2016 16:00:00,49.87
299,5/5/2016 16:00:00,117.81,5/5/2016 16:00:00,23.31,5/5/2016 16:00:00,49.94
300,5/6/2016 16:00:00,119.49,5/6/2016 16:00:00,23.18,5/6/2016 16:00:00,50.39
301,5/9/2016 16:00:00,119.24,5/9/2016 16:00:00,23.2,5/9/2016 16:00:00,50.07
302,5/10/2016 16:00:00,120.5,5/10/2016 16:00:00,23.36,5/10/2016 16:00:00,51.02
303,5/11/2016 16:00:00,119.52,5/11/2016 16:00:00,23.13,5/11/2016 16:00:00,51.05
304,5/12/2016 16:00:00,120.28,5/12/2016 16:00:00,22.59,5/12/2016 16:00:00,51.51
305,5/13/2016 16:00:00,119.81,5/13/2016 16:00:00,22.63,5/13/2016 16:00:00,51.08
306,5/16/2016 16:00:00,118.67,5/16/2016 16:00:00,23.47,5/16/2016 16:00:00,51.83
307,5/17/2016 16:00:00,117.35,5/17/2016 16:00:00,23.37,5/17/2016 16:00:00,50.51
308,5/18/2016 16:00:00,117.65,5/18/2016 16:00:00,23.64,5/18/2016 16:00:00,50.81
309,5/19/2016 16:00:00,116.81,5/19/2016 16:00:00,23.55,5/19/2016 16:00:00,50.32
310,5/20/2016 16:00:00,117.35,5/20/2016 16:00:00,23.81,5/20/2016 16:00:00,50.62
311,5/23/2016 16:00:00,115.97,5/23/2016 16:00:00,24.11,5/23/2016 16:00:00,50.03
312,5/24/2016 16:00:00,117.7,5/24/2016 16:00:00,24.48,5/24/2016 16:00:00,51.59
313,5/25/2016 16:00:00,117.89,5/25/2016 16:00:00,24.91,5/25/2016 16:00:00,52.12
314,5/26/2016 16:00:00,119.47,5/26/2016 16:00:00,25.1,5/26/2016 16:00:00,51.89
315,5/27/2016 16:00:00,119.38,5/27/2016 16:00:00,25.09,5/27/2016 16:00:00,52.32
316,5/31/2016 16:00:00,118.81,5/31/2016 16:00:00,24.97,5/31/2016 16:00:00,53
317,6/1/2016 16:00:00,118.78,6/1/2016 16:00:00,24.62,6/1/2016 16:00:00,52.85
318,6/2/2016 16:00:00,118.93,6/2/2016 16:00:00,24.43,6/2/2016 16:00:00,52.48
319,6/3/2016 16:00:00,118.47,6/3/2016 16:00:00,24.48,6/3/2016 16:00:00,51.79
320,6/6/2016 16:00:00,118.79,6/6/2016 16:00:00,24.66,6/6/2016 16:00:00,52.13
321,6/7/2016 16:00:00,117.76,6/7/2016 16:00:00,24.76,6/7/2016 16:00:00,52.1
322,6/8/2016 16:00:00,118.39,6/8/2016 16:00:00,24.74,6/8/2016 16:00:00,52.04
323,6/9/2016 16:00:00,118.56,6/9/2016 16:00:00,24.91,6/9/2016 16:00:00,51.62
324,6/10/2016 16:00:00,116.62,6/10/2016 16:00:00,24.71,6/10/2016 16:00:00,51.48
325,6/13/2016 16:00:00,113.95,6/13/2016 16:00:00,24.34,6/13/2016 16:00:00,50.14
326,6/14/2016 16:00:00,114.94,6/14/2016 16:00:00,24.37,6/14/2016 16:00:00,49.83
327,6/15/2016 16:00:00,114.6,6/15/2016 16:00:00,24.29,6/15/2016 16:00:00,49.69
328,6/16/2016 16:00:00,114.39,6/16/2016 16:00:00,24.39,6/16/2016 16:00:00,50.39
329,6/17/2016 16:00:00,113.02,6/17/2016 16:00:00,23.83,6/17/2016 16:00:00,50.13
330,6/20/2016 16:00:00,113.37,6/20/2016 16:00:00,23.78,6/20/2016 16:00:00,50.07
331,6/21/2016 16:00:00,114.38,6/21/2016 16:00:00,23.98,6/21/2016 16:00:00,51.19
332,6/22/2016 16:00:00,113.91,6/22/2016 16:00:00,23.89,6/22/2016 16:00:00,50.99
333,6/23/2016 16:00:00,115.08,6/23/2016 16:00:00,24.03,6/23/2016 16:00:00,51.91
334,6/24/2016 16:00:00,112.08,6/24/2016 16:00:00,23.35,6/24/2016 16:00:00,49.83
335,6/27/2016 16:00:00,108.97,6/27/2016 16:00:00,23.01,6/27/2016 16:00:00,48.43
336,6/28/2016 16:00:00,112.7,6/28/2016 16:00:00,23.4,6/28/2016 16:00:00,49.44
337,6/29/2016 16:00:00,114.16,6/29/2016 16:00:00,23.6,6/29/2016 16:00:00,50.54
338,6/30/2016 16:00:00,114.28,6/30/2016 16:00:00,23.9,6/30/2016 16:00:00,51.17
339,7/1/2016 16:00:00,114.19,7/1/2016 16:00:00,23.97,7/1/2016 16:00:00,51.16
340,7/5/2016 16:00:00,114,7/5/2016 16:00:00,23.75,7/5/2016 16:00:00,51.17
341,7/6/2016 16:00:00,116.7,7/6/2016 16:00:00,23.88,7/6/2016 16:00:00,51.38
342,7/7/2016 16:00:00,115.85,7/7/2016 16:00:00,23.99,7/7/2016 16:00:00,51.38
343,7/8/2016 16:00:00,117.24,7/8/2016 16:00:00,24.17,7/8/2016 16:00:00,52.3
344,7/11/2016 16:00:00,117.87,7/11/2016 16:00:00,24.25,7/11/2016 16:00:00,52.59
345,7/12/2016 16:00:00,117.93,7/12/2016 16:00:00,24.36,7/12/2016 16:00:00,53.21
346,7/13/2016 16:00:00,116.78,7/13/2016 16:00:00,24.22,7/13/2016 16:00:00,53.51
347,7/14/2016 16:00:00,117.29,7/14/2016 16:00:00,24.7,7/14/2016 16:00:00,53.74
348,7/15/2016 16:00:00,116.86,7/15/2016 16:00:00,24.7,7/15/2016 16:00:00,53.7
349,7/18/2016 16:00:00,119.37,7/18/2016 16:00:00,24.96,7/18/2016 16:00:00,53.96
350,7/19/2016 16:00:00,120.61,7/19/2016 16:00:00,24.97,7/19/2016 16:00:00,53.09
351,7/20/2016 16:00:00,121.92,7/20/2016 16:00:00,24.99,7/20/2016 16:00:00,55.91
352,7/21/2016 16:00:00,120.61,7/21/2016 16:00:00,24.86,7/21/2016 16:00:00,55.8
353,7/22/2016 16:00:00,121,7/22/2016 16:00:00,24.67,7/22/2016 16:00:00,56.57
354,7/25/2016 16:00:00,121.63,7/25/2016 16:00:00,24.34,7/25/2016 16:00:00,56.73
355,7/26/2016 16:00:00,121.22,7/26/2016 16:00:00,24.17,7/26/2016 16:00:00,56.76
356,7/27/2016 16:00:00,123.34,7/27/2016 16:00:00,25.74,7/27/2016 16:00:00,56.19
357,7/28/2016 16:00:00,125,7/28/2016 16:00:00,26.09,7/28/2016 16:00:00,56.21
358,7/29/2016 16:00:00,123.94,7/29/2016 16:00:00,26.05,7/29/2016 16:00:00,56.68
359,8/1/2016 16:00:00,124.31,8/1/2016 16:00:00,26.51,8/1/2016 16:00:00,56.58
360,8/2/2016 16:00:00,123.09,8/2/2016 16:00:00,26.12,8/2/2016 16:00:00,56.58
361,8/3/2016 16:00:00,122.51,8/3/2016 16:00:00,26.45,8/3/2016 16:00:00,56.97
362,8/4/2016 16:00:00,124.36,8/4/2016 16:00:00,26.47,8/4/2016 16:00:00,57.39
363,8/5/2016 16:00:00,125.15,8/5/2016 16:00:00,26.87,8/5/2016 16:00:00,57.96
364,8/8/2016 16:00:00,125.26,8/8/2016 16:00:00,27.09,8/8/2016 16:00:00,58.06
365,8/9/2016 16:00:00,125.06,8/9/2016 16:00:00,27.2,8/9/2016 16:00:00,58.2
366,8/10/2016 16:00:00,124.88,8/10/2016 16:00:00,27,8/10/2016 16:00:00,58.02
367,8/11/2016 16:00:00,124.9,8/11/2016 16:00:00,26.98,8/11/2016 16:00:00,58.3
368,8/12/2016 16:00:00,124.88,8/12/2016 16:00:00,27.05,8/12/2016 16:00:00,57.94
369,8/15/2016 16:00:00,123.9,8/15/2016 16:00:00,27.37,8/15/2016 16:00:00,58.12
370,8/16/2016 16:00:00,123.3,8/16/2016 16:00:00,27.35,8/16/2016 16:00:00,57.44
371,8/17/2016 16:00:00,124.37,8/17/2016 16:00:00,27.31,8/17/2016 16:00:00,57.56
372,8/18/2016 16:00:00,123.91,8/18/2016 16:00:00,27.27,8/18/2016 16:00:00,57.6
373,8/19/2016 16:00:00,123.56,8/19/2016 16:00:00,27.34,8/19/2016 16:00:00,57.62
374,8/22/2016 16:00:00,124.15,8/22/2016 16:00:00,27.13,8/22/2016 16:00:00,57.67
375,8/23/2016 16:00:00,124.37,8/23/2016 16:00:00,27.21,8/23/2016 16:00:00,57.89
376,8/24/2016 16:00:00,123.48,8/24/2016 16:00:00,27.01,8/24/2016 16:00:00,57.95
377,8/25/2016 16:00:00,123.89,8/25/2016 16:00:00,26.89,8/25/2016 16:00:00,58.17
378,8/26/2016 16:00:00,124.96,8/26/2016 16:00:00,26.74,8/26/2016 16:00:00,58.03
379,8/29/2016 16:00:00,126.54,8/29/2016 16:00:00,26.71,8/29/2016 16:00:00,58.1
380,8/30/2016 16:00:00,125.84,8/30/2016 16:00:00,26.5,8/30/2016 16:00:00,57.89
381,8/31/2016 16:00:00,126.12,8/31/2016 16:00:00,26.53,8/31/2016 16:00:00,57.46
382,9/1/2016 16:00:00,126.17,9/1/2016 16:00:00,26.68,9/1/2016 16:00:00,57.59
383,9/2/2016 16:00:00,126.51,9/2/2016 16:00:00,26.93,9/2/2016 16:00:00,57.67
384,9/6/2016 16:00:00,129.73,9/6/2016 16:00:00,26.93,9/6/2016 16:00:00,57.61
385,9/7/2016 16:00:00,131.05,9/7/2016 16:00:00,27.09,9/7/2016 16:00:00,57.66
386,9/8/2016 16:00:00,130.27,9/8/2016 16:00:00,26.38,9/8/2016 16:00:00,57.43
387,9/9/2016 16:00:00,127.1,9/9/2016 16:00:00,25.78,9/9/2016 16:00:00,56.21
388,9/12/2016 16:00:00,128.69,9/12/2016 16:00:00,26.36,9/12/2016 16:00:00,57.05
389,9/13/2016 16:00:00,127.21,9/13/2016 16:00:00,26.99,9/13/2016 16:00:00,56.53
390,9/14/2016 16:00:00,127.77,9/14/2016 16:00:00,27.94,9/14/2016 16:00:00,56.26
391,9/15/2016 16:00:00,128.35,9/15/2016 16:00:00,28.89,9/15/2016 16:00:00,57.19
392,9/16/2016 16:00:00,129.07,9/16/2016 16:00:00,28.73,9/16/2016 16:00:00,57.25
393,9/19/2016 16:00:00,128.65,9/19/2016 16:00:00,28.4,9/19/2016 16:00:00,56.93
394,9/20/2016 16:00:00,128.64,9/20/2016 16:00:00,28.39,9/20/2016 16:00:00,56.81
395,9/21/2016 16:00:00,129.94,9/21/2016 16:00:00,28.39,9/21/2016 16:00:00,57.76
396,9/22/2016 16:00:00,130.08,9/22/2016 16:00:00,28.66,9/22/2016 16:00:00,57.82
397,9/23/2016 16:00:00,127.96,9/23/2016 16:00:00,28.18,9/23/2016 16:00:00,57.43
398,9/26/2016 16:00:00,127.31,9/26/2016 16:00:00,28.22,9/26/2016 16:00:00,56.9
399,9/27/2016 16:00:00,128.69,9/27/2016 16:00:00,28.27,9/27/2016 16:00:00,57.95
400,9/28/2016 16:00:00,129.23,9/28/2016 16:00:00,28.49,9/28/2016 16:00:00,58.03
401,9/29/2016 16:00:00,128.09,9/29/2016 16:00:00,28.05,9/29/2016 16:00:00,57.4
402,9/30/2016 16:00:00,128.27,9/30/2016 16:00:00,28.26,9/30/2016 16:00:00,57.6
403,10/3/2016 16:00:00,128.77,10/3/2016 16:00:00,28.13,10/3/2016 16:00:00,57.42
404,10/4/2016 16:00:00,128.19,10/4/2016 16:00:00,28.25,10/4/2016 16:00:00,57.24
405,10/5/2016 16:00:00,128.47,10/5/2016 16:00:00,28.26,10/5/2016 16:00:00,57.64
406,10/6/2016 16:00:00,128.74,10/6/2016 16:00:00,28.47,10/6/2016 16:00:00,57.74
407,10/7/2016 16:00:00,128.99,10/7/2016 16:00:00,28.52,10/7/2016 16:00:00,57.8
408,10/10/2016 16:00:00,130.24,10/10/2016 16:00:00,29.01,10/10/2016 16:00:00,58.04
409,10/11/2016 16:00:00,128.88,10/11/2016 16:00:00,29.08,10/11/2016 16:00:00,57.19
410,10/12/2016 16:00:00,129.05,10/12/2016 16:00:00,29.34,10/12/2016 16:00:00,57.11
411,10/13/2016 16:00:00,127.82,10/13/2016 16:00:00,29.25,10/13/2016 16:00:00,56.92
412,10/14/2016 16:00:00,127.88,10/14/2016 16:00:00,29.41,10/14/2016 16:00:00,57.42
413,10/17/2016 16:00:00,127.54,10/17/2016 16:00:00,29.39,10/17/2016 16:00:00,57.22
414,10/18/2016 16:00:00,128.57,10/18/2016 16:00:00,29.37,10/18/2016 16:00:00,57.66
415,10/19/2016 16:00:00,130.11,10/19/2016 16:00:00,29.28,10/19/2016 16:00:00,57.53
416,10/20/2016 16:00:00,130,10/20/2016 16:00:00,29.27,10/20/2016 16:00:00,57.25
417,10/21/2016 16:00:00,132.07,10/21/2016 16:00:00,29.15,10/21/2016 16:00:00,59.66
418,10/24/2016 16:00:00,133.28,10/24/2016 16:00:00,29.41,10/24/2016 16:00:00,61
419,10/25/2016 16:00:00,132.29,10/25/2016 16:00:00,29.56,10/25/2016 16:00:00,60.99
420,10/26/2016 16:00:00,131.04,10/26/2016 16:00:00,28.9,10/26/2016 16:00:00,60.63
421,10/27/2016 16:00:00,129.69,10/27/2016 16:00:00,28.62,10/27/2016 16:00:00,60.1
422,10/28/2016 16:00:00,131.29,10/28/2016 16:00:00,28.43,10/28/2016 16:00:00,59.87
423,10/31/2016 16:00:00,130.99,10/31/2016 16:00:00,28.39,10/31/2016 16:00:00,59.92
424,11/1/2016 16:00:00,129.5,11/1/2016 16:00:00,27.87,11/1/2016 16:00:00,59.8
425,11/2/2016 16:00:00,127.17,11/2/2016 16:00:00,27.9,11/2/2016 16:00:00,59.43
426,11/3/2016 16:00:00,120,11/3/2016 16:00:00,27.46,11/3/2016 16:00:00,59.21
427,11/4/2016 16:00:00,120.75,11/4/2016 16:00:00,27.21,11/4/2016 16:00:00,58.71
428,11/7/2016 16:00:00,122.15,11/7/2016 16:00:00,27.6,11/7/2016 16:00:00,60.42
429,11/8/2016 16:00:00,124.22,11/8/2016 16:00:00,27.77,11/8/2016 16:00:00,60.47
430,11/9/2016 16:00:00,123.18,11/9/2016 16:00:00,27.72,11/9/2016 16:00:00,60.17
431,11/10/2016 16:00:00,120.8,11/10/2016 16:00:00,26.95,11/10/2016 16:00:00,58.7
432,11/11/2016 16:00:00,119.02,11/11/2016 16:00:00,27.11,11/11/2016 16:00:00,59.02
433,11/14/2016 16:00:00,115.08,11/14/2016 16:00:00,26.43,11/14/2016 16:00:00,58.12
434,11/15/2016 16:00:00,117.2,11/15/2016 16:00:00,26.78,11/15/2016 16:00:00,58.87
435,11/16/2016 16:00:00,116.34,11/16/2016 16:00:00,27.5,11/16/2016 16:00:00,59.65
436,11/17/2016 16:00:00,117.79,11/17/2016 16:00:00,27.49,11/17/2016 16:00:00,60.64
437,11/18/2016 16:00:00,117.02,11/18/2016 16:00:00,27.52,11/18/2016 16:00:00,60.35
438,11/21/2016 16:00:00,121.77,11/21/2016 16:00:00,27.93,11/21/2016 16:00:00,60.86
439,11/22/2016 16:00:00,121.47,11/22/2016 16:00:00,27.95,11/22/2016 16:00:00,61.12
440,11/23/2016 16:00:00,120.84,11/23/2016 16:00:00,27.81,11/23/2016 16:00:00,60.4
441,11/25/2016 16:00:00,120.38,11/25/2016 16:00:00,27.95,11/25/2016 16:00:00,60.53
442,11/28/2016 16:00:00,120.41,11/28/2016 16:00:00,27.89,11/28/2016 16:00:00,60.61
443,11/29/2016 16:00:00,120.87,11/29/2016 16:00:00,27.87,11/29/2016 16:00:00,61.09
444,11/30/2016 16:00:00,118.42,11/30/2016 16:00:00,27.63,11/30/2016 16:00:00,60.26
445,12/1/2016 16:00:00,115.1,12/1/2016 16:00:00,27.37,12/1/2016 16:00:00,59.2
446,12/2/2016 16:00:00,115.4,12/2/2016 16:00:00,27.48,12/2/2016 16:00:00,59.25
447,12/5/2016 16:00:00,117.43,12/5/2016 16:00:00,27.28,12/5/2016 16:00:00,60.22
448,12/6/2016 16:00:00,117.31,12/6/2016 16:00:00,27.49,12/6/2016 16:00:00,59.95
449,12/7/2016 16:00:00,117.95,12/7/2016 16:00:00,27.76,12/7/2016 16:00:00,61.37
450,12/8/2016 16:00:00,118.91,12/8/2016 16:00:00,28.03,12/8/2016 16:00:00,61.01
451,12/9/2016 16:00:00,119.68,12/9/2016 16:00:00,28.49,12/9/2016 16:00:00,61.97
452,12/12/2016 16:00:00,117.77,12/12/2016 16:00:00,28.33,12/12/2016 16:00:00,62.17
453,12/13/2016 16:00:00,120.31,12/13/2016 16:00:00,28.8,12/13/2016 16:00:00,62.98
454,12/14/2016 16:00:00,120.21,12/14/2016 16:00:00,28.8,12/14/2016 16:00:00,62.68
455,12/15/2016 16:00:00,120.57,12/15/2016 16:00:00,28.96,12/15/2016 16:00:00,62.58
456,12/16/2016 16:00:00,119.87,12/16/2016 16:00:00,28.99,12/16/2016 16:00:00,62.3
457,12/19/2016 16:00:00,119.24,12/19/2016 16:00:00,29.16,12/19/2016 16:00:00,63.62
458,12/20/2016 16:00:00,119.09,12/20/2016 16:00:00,29.24,12/20/2016 16:00:00,63.54
459,12/21/2016 16:00:00,119.04,12/21/2016 16:00:00,29.27,12/21/2016 16:00:00,63.54
460,12/22/2016 16:00:00,117.4,12/22/2016 16:00:00,29.07,12/22/2016 16:00:00,63.55
461,12/23/2016 16:00:00,117.27,12/23/2016 16:00:00,29.13,12/23/2016 16:00:00,63.24
462,12/27/2016 16:00:00,118.01,12/27/2016 16:00:00,29.32,12/27/2016 16:00:00,63.28
463,12/28/2016 16:00:00,116.92,12/28/2016 16:00:00,29.19,12/28/2016 16:00:00,62.99
464,12/29/2016 16:00:00,116.35,12/29/2016 16:00:00,29.18,12/29/2016 16:00:00,62.9
465,12/30/2016 16:00:00,115.05,12/30/2016 16:00:00,28.96,12/30/2016 16:00:00,62.14
466,1/3/2017 16:00:00,116.86,1/3/2017 16:00:00,29.04,1/3/2017 16:00:00,62.58
467,1/4/2017 16:00:00,118.69,1/4/2017 16:00:00,29.01,1/4/2017 16:00:00,62.3
468,1/5/2017 16:00:00,120.67,1/5/2017 16:00:00,29.15,1/5/2017 16:00:00,62.3
469,1/6/2017 16:00:00,123.41,1/6/2017 16:00:00,29.48,1/6/2017 16:00:00,62.84
470,1/9/2017 16:00:00,124.9,1/9/2017 16:00:00,29.75,1/9/2017 16:00:00,62.64
471,1/10/2017 16:00:00,124.35,1/10/2017 16:00:00,29.78,1/10/2017 16:00:00,62.62
472,1/11/2017 16:00:00,126.09,1/11/2017 16:00:00,29.94,1/11/2017 16:00:00,63.19
473,1/12/2017 16:00:00,126.62,1/12/2017 16:00:00,29.81,1/12/2017 16:00:00,62.61
474,1/13/2017 16:00:00,128.34,1/13/2017 16:00:00,29.76,1/13/2017 16:00:00,62.7
475,1/17/2017 16:00:00,127.87,1/17/2017 16:00:00,30,1/17/2017 16:00:00,62.53
476,1/18/2017 16:00:00,127.92,1/18/2017 16:00:00,30,1/18/2017 16:00:00,62.5
477,1/19/2017 16:00:00,127.55,1/19/2017 16:00:00,29.95,1/19/2017 16:00:00,62.3
478,1/20/2017 16:00:00,127.04,1/20/2017 16:00:00,30,1/20/2017 16:00:00,62.74
479,1/23/2017 16:00:00,128.93,1/23/2017 16:00:00,30.02,1/23/2017 16:00:00,62.96
480,1/24/2017 16:00:00,129.37,1/24/2017 16:00:00,29.99,1/24/2017 16:00:00,63.52
481,1/25/2017 16:00:00,131.48,1/25/2017 16:00:00,30.47,1/25/2017 16:00:00,63.68
482,1/26/2017 16:00:00,132.78,1/26/2017 16:00:00,30.49,1/26/2017 16:00:00,64.27
483,1/27/2017 16:00:00,132.18,1/27/2017 16:00:00,30.49,1/27/2017 16:00:00,65.78
484,1/30/2017 16:00:00,130.98,1/30/2017 16:00:00,30.41,1/30/2017 16:00:00,65.13
485,1/31/2017 16:00:00,130.32,1/31/2017 16:00:00,30.34,1/31/2017 16:00:00,64.65
486,2/1/2017 16:00:00,133.23,2/1/2017 16:00:00,32.19,2/1/2017 16:00:00,63.58
487,2/2/2017 16:00:00,130.84,2/2/2017 16:00:00,32.13,2/2/2017 16:00:00,63.17
488,2/3/2017 16:00:00,130.98,2/3/2017 16:00:00,32.27,2/3/2017 16:00:00,63.68
489,2/6/2017 16:00:00,132.06,2/6/2017 16:00:00,32.57,2/6/2017 16:00:00,63.64
490,2/7/2017 16:00:00,131.84,2/7/2017 16:00:00,32.88,2/7/2017 16:00:00,63.43
491,2/8/2017 16:00:00,134.2,2/8/2017 16:00:00,33.01,2/8/2017 16:00:00,63.34
492,2/9/2017 16:00:00,134.14,2/9/2017 16:00:00,33.1,2/9/2017 16:00:00,64.06
493,2/10/2017 16:00:00,134.19,2/10/2017 16:00:00,33.03,2/10/2017 16:00:00,64
494,2/13/2017 16:00:00,134.05,2/13/2017 16:00:00,33.32,2/13/2017 16:00:00,64.72
495,2/14/2017 16:00:00,133.85,2/14/2017 16:00:00,33.76,2/14/2017 16:00:00,64.57
496,2/15/2017 16:00:00,133.44,2/15/2017 16:00:00,33.88,2/15/2017 16:00:00,64.53
497,2/16/2017 16:00:00,133.84,2/16/2017 16:00:00,33.84,2/16/2017 16:00:00,64.52
498,2/17/2017 16:00:00,133.53,2/17/2017 16:00:00,33.93,2/17/2017 16:00:00,64.62
499,2/21/2017 16:00:00,133.72,2/21/2017 16:00:00,34.17,2/21/2017 16:00:00,64.49
500,2/22/2017 16:00:00,136.12,2/22/2017 16:00:00,34.28,2/22/2017 16:00:00,64.36
501,2/23/2017 16:00:00,135.36,2/23/2017 16:00:00,34.13,2/23/2017 16:00:00,64.62
502,2/24/2017 16:00:00,135.44,2/24/2017 16:00:00,34.17,2/24/2017 16:00:00,64.62
503,2/27/2017 16:00:00,136.41,2/27/2017 16:00:00,34.23,2/27/2017 16:00:00,64.23
504,2/28/2017 16:00:00,135.54,2/28/2017 16:00:00,34.25,2/28/2017 16:00:00,63.98
505,3/1/2017 16:00:00,137.42,3/1/2017 16:00:00,34.95,3/1/2017 16:00:00,64.94
506,3/2/2017 16:00:00,136.76,3/2/2017 16:00:00,34.74,3/2/2017 16:00:00,64.01
507,3/3/2017 16:00:00,137.17,3/3/2017 16:00:00,34.95,3/3/2017 16:00:00,64.25
508,3/6/2017 16:00:00,137.42,3/6/2017 16:00:00,34.84,3/6/2017 16:00:00,64.27
509,3/7/2017 16:00:00,137.3,3/7/2017 16:00:00,34.88,3/7/2017 16:00:00,64.4
510,3/8/2017 16:00:00,137.72,3/8/2017 16:00:00,34.75,3/8/2017 16:00:00,64.99
511,3/9/2017 16:00:00,138.24,3/9/2017 16:00:00,34.67,3/9/2017 16:00:00,64.73
512,3/10/2017 16:00:00,138.79,3/10/2017 16:00:00,34.78,3/10/2017 16:00:00,64.93
513,3/13/2017 16:00:00,139.6,3/13/2017 16:00:00,34.8,3/13/2017 16:00:00,64.71
514,3/14/2017 16:00:00,139.32,3/14/2017 16:00:00,34.75,3/14/2017 16:00:00,64.41
515,3/15/2017 16:00:00,139.72,3/15/2017 16:00:00,35.12,3/15/2017 16:00:00,64.75
516,3/16/2017 16:00:00,139.99,3/16/2017 16:00:00,35.17,3/16/2017 16:00:00,64.64
517,3/17/2017 16:00:00,139.84,3/17/2017 16:00:00,35,3/17/2017 16:00:00,64.87
518,3/20/2017 16:00:00,139.94,3/20/2017 16:00:00,35.37,3/20/2017 16:00:00,64.93
519,3/21/2017 16:00:00,138.51,3/21/2017 16:00:00,34.96,3/21/2017 16:00:00,64.21
520,3/22/2017 16:00:00,139.59,3/22/2017 16:00:00,35.35,3/22/2017 16:00:00,65.03
521,3/23/2017 16:00:00,139.53,3/23/2017 16:00:00,35.23,3/23/2017 16:00:00,64.87
522,3/24/2017 16:00:00,140.34,3/24/2017 16:00:00,35.16,3/24/2017 16:00:00,64.98
523,3/27/2017 16:00:00,140.32,3/27/2017 16:00:00,35.22,3/27/2017 16:00:00,65.1
524,3/28/2017 16:00:00,141.76,3/28/2017 16:00:00,35.95,3/28/2017 16:00:00,65.29
525,3/29/2017 16:00:00,142.65,3/29/2017 16:00:00,36.03,3/29/2017 16:00:00,65.47
526,3/30/2017 16:00:00,142.41,3/30/2017 16:00:00,35.98,3/30/2017 16:00:00,65.71
527,3/31/2017 16:00:00,142.05,3/31/2017 16:00:00,35.92,3/31/2017 16:00:00,65.86
528,4/3/2017 16:00:00,142.28,4/3/2017 16:00:00,35.92,4/3/2017 16:00:00,65.55
529,4/4/2017 16:00:00,141.73,4/4/2017 16:00:00,36.19,4/4/2017 16:00:00,65.73
530,4/5/2017 16:00:00,141.85,4/5/2017 16:00:00,36.01,4/5/2017 16:00:00,65.56
531,4/6/2017 16:00:00,141.17,4/6/2017 16:00:00,35.92,4/6/2017 16:00:00,65.73
532,4/7/2017 16:00:00,140.78,4/7/2017 16:00:00,35.84,4/7/2017 16:00:00,65.68
533,4/10/2017 16:00:00,141.04,4/10/2017 16:00:00,35.79,4/10/2017 16:00:00,65.53
534,4/11/2017 16:00:00,139.92,4/11/2017 16:00:00,35.41,4/11/2017 16:00:00,65.48
535,4/12/2017 16:00:00,139.58,4/12/2017 16:00:00,35.45,4/12/2017 16:00:00,65.23
536,4/13/2017 16:00:00,139.39,4/13/2017 16:00:00,35.26,4/13/2017 16:00:00,64.95
537,4/17/2017 16:00:00,141.42,4/17/2017 16:00:00,35.46,4/17/2017 16:00:00,65.48
538,4/18/2017 16:00:00,140.96,4/18/2017 16:00:00,35.3,4/18/2017 16:00:00,65.39
539,4/19/2017 16:00:00,142.27,4/19/2017 16:00:00,35.17,4/19/2017 16:00:00,65.04
540,4/20/2017 16:00:00,143.8,4/20/2017 16:00:00,35.61,4/20/2017 16:00:00,65.5
541,4/21/2017 16:00:00,143.68,4/21/2017 16:00:00,35.57,4/21/2017 16:00:00,66.4
542,4/24/2017 16:00:00,145.47,4/24/2017 16:00:00,35.91,4/24/2017 16:00:00,67.53
543,4/25/2017 16:00:00,146.49,4/25/2017 16:00:00,36.13,4/25/2017 16:00:00,67.92
544,4/26/2017 16:00:00,146.56,4/26/2017 16:00:00,35.92,4/26/2017 16:00:00,67.83
545,4/27/2017 16:00:00,147.7,4/27/2017 16:00:00,35.95,4/27/2017 16:00:00,68.27
546,4/28/2017 16:00:00,150.25,4/28/2017 16:00:00,35.91,4/28/2017 16:00:00,68.46
547,5/1/2017 16:00:00,152.46,5/1/2017 16:00:00,36.65,5/1/2017 16:00:00,69.41
548,5/2/2017 16:00:00,152.78,5/2/2017 16:00:00,36.88,5/2/2017 16:00:00,69.3
549,5/3/2017 16:00:00,151.8,5/3/2017 16:00:00,36.77,5/3/2017 16:00:00,69.08
550,5/4/2017 16:00:00,150.85,5/4/2017 16:00:00,36.63,5/4/2017 16:00:00,68.81
551,5/5/2017 16:00:00,150.24,5/5/2017 16:00:00,37.24,5/5/2017 16:00:00,69
552,5/8/2017 16:00:00,151.06,5/8/2017 16:00:00,38.25,5/8/2017 16:00:00,68.94
553,5/9/2017 16:00:00,150.48,5/9/2017 16:00:00,38.5,5/9/2017 16:00:00,69.04
554,5/10/2017 16:00:00,150.29,5/10/2017 16:00:00,38.32,5/10/2017 16:00:00,69.31
555,5/11/2017 16:00:00,150.04,5/11/2017 16:00:00,38.49,5/11/2017 16:00:00,68.46
556,5/12/2017 16:00:00,150.33,5/12/2017 16:00:00,39.03,5/12/2017 16:00:00,68.38
557,5/15/2017 16:00:00,150.19,5/15/2017 16:00:00,38.92,5/15/2017 16:00:00,68.43
558,5/16/2017 16:00:00,149.78,5/16/2017 16:00:00,38.87,5/16/2017 16:00:00,69.41
559,5/17/2017 16:00:00,144.85,5/17/2017 16:00:00,37.56,5/17/2017 16:00:00,67.48
560,5/18/2017 16:00:00,147.66,5/18/2017 16:00:00,38.14,5/18/2017 16:00:00,67.71
561,5/19/2017 16:00:00,148.06,5/19/2017 16:00:00,38.27,5/19/2017 16:00:00,67.69
562,5/22/2017 16:00:00,148.24,5/22/2017 16:00:00,38.5,5/22/2017 16:00:00,68.45
563,5/23/2017 16:00:00,148.07,5/23/2017 16:00:00,38.45,5/23/2017 16:00:00,68.68
564,5/24/2017 16:00:00,150.04,5/24/2017 16:00:00,38.34,5/24/2017 16:00:00,68.77
565,5/25/2017 16:00:00,151.96,5/25/2017 16:00:00,38.47,5/25/2017 16:00:00,69.62
566,5/26/2017 16:00:00,152.13,5/26/2017 16:00:00,38.4,5/26/2017 16:00:00,69.96
567,5/30/2017 16:00:00,152.38,5/30/2017 16:00:00,38.42,5/30/2017 16:00:00,70.41
568,5/31/2017 16:00:00,151.46,5/31/2017 16:00:00,38.19,5/31/2017 16:00:00,69.84
569,6/1/2017 16:00:00,151.53,6/1/2017 16:00:00,38.3,6/1/2017 16:00:00,70.1
570,6/2/2017 16:00:00,153.61,6/2/2017 16:00:00,38.86,6/2/2017 16:00:00,71.76
571,6/5/2017 16:00:00,153.63,6/5/2017 16:00:00,38.48,6/5/2017 16:00:00,72.28
572,6/6/2017 16:00:00,152.81,6/6/2017 16:00:00,38.61,6/6/2017 16:00:00,72.52
573,6/7/2017 16:00:00,153.12,6/7/2017 16:00:00,38.84,6/7/2017 16:00:00,72.39
574,6/8/2017 16:00:00,154.71,6/8/2017 16:00:00,38.75,6/8/2017 16:00:00,71.95
575,6/9/2017 16:00:00,149.6,6/9/2017 16:00:00,37.24,6/9/2017 16:00:00,70.32
576,6/12/2017 16:00:00,148.44,6/12/2017 16:00:00,36.35,6/12/2017 16:00:00,69.78
577,6/13/2017 16:00:00,150.68,6/13/2017 16:00:00,36.65,6/13/2017 16:00:00,70.65
578,6/14/2017 16:00:00,150.25,6/14/2017 16:00:00,36.29,6/14/2017 16:00:00,70.27
579,6/15/2017 16:00:00,149.8,6/15/2017 16:00:00,36.07,6/15/2017 16:00:00,69.9
580,6/16/2017 16:00:00,150.64,6/16/2017 16:00:00,35.57,6/16/2017 16:00:00,70
581,6/19/2017 16:00:00,152.87,6/19/2017 16:00:00,36.59,6/19/2017 16:00:00,70.87
582,6/20/2017 16:00:00,152.25,6/20/2017 16:00:00,36.25,6/20/2017 16:00:00,69.91
583,6/21/2017 16:00:00,153.91,6/21/2017 16:00:00,36.47,6/21/2017 16:00:00,70.27
584,6/22/2017 16:00:00,153.4,6/22/2017 16:00:00,36.41,6/22/2017 16:00:00,70.26
585,6/23/2017 16:00:00,155.07,6/23/2017 16:00:00,36.57,6/23/2017 16:00:00,71.21
586,6/26/2017 16:00:00,153.59,6/26/2017 16:00:00,36.46,6/26/2017 16:00:00,70.53
587,6/27/2017 16:00:00,150.58,6/27/2017 16:00:00,35.93,6/27/2017 16:00:00,69.21
588,6/28/2017 16:00:00,153.24,6/28/2017 16:00:00,36.46,6/28/2017 16:00:00,69.8
589,6/29/2017 16:00:00,151.04,6/29/2017 16:00:00,35.92,6/29/2017 16:00:00,68.49
590,6/30/2017 16:00:00,150.98,6/30/2017 16:00:00,36.01,6/30/2017 16:00:00,68.93
591,7/3/2017 16:00:00,148.43,7/3/2017 16:00:00,35.88,7/3/2017 16:00:00,68.17
592,7/5/2017 16:00:00,150.34,7/5/2017 16:00:00,36.02,7/5/2017 16:00:00,69.08
593,7/6/2017 16:00:00,148.82,7/6/2017 16:00:00,35.68,7/6/2017 16:00:00,68.57
594,7/7/2017 16:00:00,151.44,7/7/2017 16:00:00,36.05,7/7/2017 16:00:00,69.46
595,7/10/2017 16:00:00,153.5,7/10/2017 16:00:00,36.27,7/10/2017 16:00:00,69.98
596,7/11/2017 16:00:00,155.27,7/11/2017 16:00:00,36.38,7/11/2017 16:00:00,69.99
597,7/12/2017 16:00:00,158.9,7/12/2017 16:00:00,36.44,7/12/2017 16:00:00,71.15
598,7/13/2017 16:00:00,159.26,7/13/2017 16:00:00,36.94,7/13/2017 16:00:00,71.77
599,7/14/2017 16:00:00,159.97,7/14/2017 16:00:00,37.26,7/14/2017 16:00:00,72.78
600,7/17/2017 16:00:00,159.73,7/17/2017 16:00:00,37.39,7/17/2017 16:00:00,73.35
601,7/18/2017 16:00:00,162.86,7/18/2017 16:00:00,37.52,7/18/2017 16:00:00,73.3
602,7/19/2017 16:00:00,164.14,7/19/2017 16:00:00,37.76,7/19/2017 16:00:00,73.86
603,7/20/2017 16:00:00,164.53,7/20/2017 16:00:00,37.59,7/20/2017 16:00:00,74.22
604,7/21/2017 16:00:00,164.43,7/21/2017 16:00:00,37.57,7/21/2017 16:00:00,73.79
605,7/24/2017 16:00:00,166,7/24/2017 16:00:00,38.02,7/24/2017 16:00:00,73.6
606,7/25/2017 16:00:00,165.28,7/25/2017 16:00:00,38.19,7/25/2017 16:00:00,74.19
607,7/26/2017 16:00:00,165.61,7/26/2017 16:00:00,38.37,7/26/2017 16:00:00,74.05
608,7/27/2017 16:00:00,170.44,7/27/2017 16:00:00,37.64,7/27/2017 16:00:00,73.16
609,7/28/2017 16:00:00,172.45,7/28/2017 16:00:00,37.38,7/28/2017 16:00:00,73.04
610,7/31/2017 16:00:00,169.25,7/31/2017 16:00:00,37.18,7/31/2017 16:00:00,72.7
611,8/1/2017 16:00:00,169.86,8/1/2017 16:00:00,37.51,8/1/2017 16:00:00,72.58
612,8/2/2017 16:00:00,169.3,8/2/2017 16:00:00,39.28,8/2/2017 16:00:00,72.26
613,8/3/2017 16:00:00,168.59,8/3/2017 16:00:00,38.89,8/3/2017 16:00:00,72.15
614,8/4/2017 16:00:00,169.62,8/4/2017 16:00:00,39.1,8/4/2017 16:00:00,72.68
615,8/7/2017 16:00:00,171.98,8/7/2017 16:00:00,39.7,8/7/2017 16:00:00,72.4
616,8/8/2017 16:00:00,171.23,8/8/2017 16:00:00,40.02,8/8/2017 16:00:00,72.79
617,8/9/2017 16:00:00,171.18,8/9/2017 16:00:00,40.27,8/9/2017 16:00:00,72.47
618,8/10/2017 16:00:00,167.4,8/10/2017 16:00:00,38.83,8/10/2017 16:00:00,71.41
619,8/11/2017 16:00:00,168.08,8/11/2017 16:00:00,39.37,8/11/2017 16:00:00,72.5
620,8/14/2017 16:00:00,170.75,8/14/2017 16:00:00,39.96,8/14/2017 16:00:00,73.59
621,8/15/2017 16:00:00,171,8/15/2017 16:00:00,40.4,8/15/2017 16:00:00,73.22
622,8/16/2017 16:00:00,170,8/16/2017 16:00:00,40.24,8/16/2017 16:00:00,73.65
623,8/17/2017 16:00:00,166.91,8/17/2017 16:00:00,39.47,8/17/2017 16:00:00,72.4
624,8/18/2017 16:00:00,167.41,8/18/2017 16:00:00,39.38,8/18/2017 16:00:00,72.49
625,8/21/2017 16:00:00,167.78,8/21/2017 16:00:00,39.3,8/21/2017 16:00:00,72.15
626,8/22/2017 16:00:00,169.64,8/22/2017 16:00:00,39.95,8/22/2017 16:00:00,73.16
627,8/23/2017 16:00:00,168.71,8/23/2017 16:00:00,39.99,8/23/2017 16:00:00,72.72
628,8/24/2017 16:00:00,167.74,8/24/2017 16:00:00,39.82,8/24/2017 16:00:00,72.69
629,8/25/2017 16:00:00,166.32,8/25/2017 16:00:00,39.97,8/25/2017 16:00:00,72.82
630,8/28/2017 16:00:00,167.24,8/28/2017 16:00:00,40.37,8/28/2017 16:00:00,72.83
631,8/29/2017 16:00:00,168.05,8/29/2017 16:00:00,40.73,8/29/2017 16:00:00,73.05
632,8/30/2017 16:00:00,169.92,8/30/2017 16:00:00,40.84,8/30/2017 16:00:00,74.01
633,8/31/2017 16:00:00,171.97,8/31/2017 16:00:00,41,8/31/2017 16:00:00,74.77
634,9/1/2017 16:00:00,172.02,9/1/2017 16:00:00,41.01,9/1/2017 16:00:00,73.94
635,9/5/2017 16:00:00,170.72,9/5/2017 16:00:00,40.52,9/5/2017 16:00:00,73.61
636,9/6/2017 16:00:00,172.09,9/6/2017 16:00:00,40.48,9/6/2017 16:00:00,73.4
637,9/7/2017 16:00:00,173.21,9/7/2017 16:00:00,40.32,9/7/2017 16:00:00,74.34
638,9/8/2017 16:00:00,170.95,9/8/2017 16:00:00,39.66,9/8/2017 16:00:00,73.98
639,9/11/2017 16:00:00,173.51,9/11/2017 16:00:00,40.38,9/11/2017 16:00:00,74.76
640,9/12/2017 16:00:00,172.96,9/12/2017 16:00:00,40.22,9/12/2017 16:00:00,74.68
641,9/13/2017 16:00:00,173.05,9/13/2017 16:00:00,39.91,9/13/2017 16:00:00,75.21
642,9/14/2017 16:00:00,170.96,9/14/2017 16:00:00,39.57,9/14/2017 16:00:00,74.77
643,9/15/2017 16:00:00,171.64,9/15/2017 16:00:00,39.97,9/15/2017 16:00:00,75.31
644,9/18/2017 16:00:00,170.01,9/18/2017 16:00:00,39.67,9/18/2017 16:00:00,75.16
645,9/19/2017 16:00:00,172.52,9/19/2017 16:00:00,39.68,9/19/2017 16:00:00,75.44
646,9/20/2017 16:00:00,172.17,9/20/2017 16:00:00,39.02,9/20/2017 16:00:00,74.94
647,9/21/2017 16:00:00,171.11,9/21/2017 16:00:00,38.35,9/21/2017 16:00:00,74.21
648,9/22/2017 16:00:00,170.54,9/22/2017 16:00:00,37.97,9/22/2017 16:00:00,74.41
649,9/25/2017 16:00:00,162.87,9/25/2017 16:00:00,37.64,9/25/2017 16:00:00,73.26
650,9/26/2017 16:00:00,164.21,9/26/2017 16:00:00,38.28,9/26/2017 16:00:00,73.26
651,9/27/2017 16:00:00,167.68,9/27/2017 16:00:00,38.56,9/27/2017 16:00:00,73.85
652,9/28/2017 16:00:00,168.73,9/28/2017 16:00:00,38.32,9/28/2017 16:00:00,73.87
653,9/29/2017 16:00:00,170.87,9/29/2017 16:00:00,38.53,9/29/2017 16:00:00,74.49
654,10/2/2017 16:00:00,169.47,10/2/2017 16:00:00,38.45,10/2/2017 16:00:00,74.61
655,10/3/2017 16:00:00,169.96,10/3/2017 16:00:00,38.62,10/3/2017 16:00:00,74.26
656,10/4/2017 16:00:00,168.42,10/4/2017 16:00:00,38.37,10/4/2017 16:00:00,74.69
657,10/5/2017 16:00:00,171.24,10/5/2017 16:00:00,38.85,10/5/2017 16:00:00,75.97
658,10/6/2017 16:00:00,172.23,10/6/2017 16:00:00,38.83,10/6/2017 16:00:00,76
659,10/9/2017 16:00:00,172.5,10/9/2017 16:00:00,38.96,10/9/2017 16:00:00,76.29
660,10/10/2017 16:00:00,171.59,10/10/2017 16:00:00,38.98,10/10/2017 16:00:00,76.29
661,10/11/2017 16:00:00,172.74,10/11/2017 16:00:00,39.14,10/11/2017 16:00:00,76.42
662,10/12/2017 16:00:00,172.55,10/12/2017 16:00:00,39,10/12/2017 16:00:00,77.12
663,10/13/2017 16:00:00,173.74,10/13/2017 16:00:00,39.25,10/13/2017 16:00:00,77.49
664,10/16/2017 16:00:00,174.52,10/16/2017 16:00:00,39.97,10/16/2017 16:00:00,77.65
665,10/17/2017 16:00:00,176.11,10/17/2017 16:00:00,40.12,10/17/2017 16:00:00,77.59
666,10/18/2017 16:00:00,176.03,10/18/2017 16:00:00,39.94,10/18/2017 16:00:00,77.61
667,10/19/2017 16:00:00,174.56,10/19/2017 16:00:00,38.99,10/19/2017 16:00:00,77.91
668,10/20/2017 16:00:00,174.98,10/20/2017 16:00:00,39.06,10/20/2017 16:00:00,78.81
669,10/23/2017 16:00:00,171.27,10/23/2017 16:00:00,39.04,10/23/2017 16:00:00,78.83
670,10/24/2017 16:00:00,171.8,10/24/2017 16:00:00,39.28,10/24/2017 16:00:00,78.86
671,10/25/2017 16:00:00,170.6,10/25/2017 16:00:00,39.1,10/25/2017 16:00:00,78.63
672,10/26/2017 16:00:00,170.63,10/26/2017 16:00:00,39.35,10/26/2017 16:00:00,78.76
673,10/27/2017 16:00:00,177.88,10/27/2017 16:00:00,40.76,10/27/2017 16:00:00,83.81
674,10/30/2017 16:00:00,179.87,10/30/2017 16:00:00,41.68,10/30/2017 16:00:00,83.89
675,10/31/2017 16:00:00,180.06,10/31/2017 16:00:00,42.26,10/31/2017 16:00:00,83.18
676,11/1/2017 16:00:00,182.66,11/1/2017 16:00:00,41.72,11/1/2017 16:00:00,83.18
677,11/2/2017 16:00:00,178.92,11/2/2017 16:00:00,42.03,11/2/2017 16:00:00,84.05
678,11/3/2017 16:00:00,178.92,11/3/2017 16:00:00,43.13,11/3/2017 16:00:00,84.14
679,11/6/2017 16:00:00,180.17,11/6/2017 16:00:00,43.56,11/6/2017 16:00:00,84.47
680,11/7/2017 16:00:00,180.25,11/7/2017 16:00:00,43.7,11/7/2017 16:00:00,84.27
681,11/8/2017 16:00:00,179.56,11/8/2017 16:00:00,44.06,11/8/2017 16:00:00,84.56
682,11/9/2017 16:00:00,179.3,11/9/2017 16:00:00,43.97,11/9/2017 16:00:00,84.09
683,11/10/2017 16:00:00,178.46,11/10/2017 16:00:00,43.67,11/10/2017 16:00:00,83.87
684,11/13/2017 16:00:00,178.77,11/13/2017 16:00:00,43.49,11/13/2017 16:00:00,83.93
685,11/14/2017 16:00:00,178.07,11/14/2017 16:00:00,42.84,11/14/2017 16:00:00,84.05
686,11/15/2017 16:00:00,177.95,11/15/2017 16:00:00,42.27,11/15/2017 16:00:00,82.98
687,11/16/2017 16:00:00,179.59,11/16/2017 16:00:00,42.78,11/16/2017 16:00:00,83.2
688,11/17/2017 16:00:00,179,11/17/2017 16:00:00,42.54,11/17/2017 16:00:00,82.4
689,11/20/2017 16:00:00,178.74,11/20/2017 16:00:00,42.5,11/20/2017 16:00:00,82.53
690,11/21/2017 16:00:00,181.86,11/21/2017 16:00:00,43.29,11/21/2017 16:00:00,83.72
691,11/22/2017 16:00:00,180.87,11/22/2017 16:00:00,43.74,11/22/2017 16:00:00,83.11
692,11/24/2017 13:00:00,182.78,11/24/2017 13:00:00,43.74,11/24/2017 13:00:00,83.26
693,11/27/2017 16:00:00,183.03,11/27/2017 16:00:00,43.52,11/27/2017 16:00:00,83.87
694,11/28/2017 16:00:00,182.42,11/28/2017 16:00:00,43.27,11/28/2017 16:00:00,84.88
695,11/29/2017 16:00:00,175.13,11/29/2017 16:00:00,42.37,11/29/2017 16:00:00,83.34
696,11/30/2017 16:00:00,177.18,11/30/2017 16:00:00,42.96,11/30/2017 16:00:00,84.17
697,12/1/2017 16:00:00,175.1,12/1/2017 16:00:00,42.76,12/1/2017 16:00:00,84.26
698,12/4/2017 16:00:00,171.47,12/4/2017 16:00:00,42.45,12/4/2017 16:00:00,81.08
699,12/5/2017 16:00:00,172.83,12/5/2017 16:00:00,42.41,12/5/2017 16:00:00,81.59
700,12/6/2017 16:00:00,176.06,12/6/2017 16:00:00,42.25,12/6/2017 16:00:00,82.78
701,12/7/2017 16:00:00,180.14,12/7/2017 16:00:00,42.33,12/7/2017 16:00:00,82.49
702,12/8/2017 16:00:00,179,12/8/2017 16:00:00,42.34,12/8/2017 16:00:00,84.16
703,12/11/2017 16:00:00,179.04,12/11/2017 16:00:00,43.17,12/11/2017 16:00:00,85.23
704,12/12/2017 16:00:00,176.96,12/12/2017 16:00:00,42.93,12/12/2017 16:00:00,85.58
705,12/13/2017 16:00:00,178.3,12/13/2017 16:00:00,43.07,12/13/2017 16:00:00,85.35
706,12/14/2017 16:00:00,178.39,12/14/2017 16:00:00,43.06,12/14/2017 16:00:00,84.69
707,12/15/2017 16:00:00,180.18,12/15/2017 16:00:00,43.49,12/15/2017 16:00:00,86.85
708,12/18/2017 16:00:00,180.82,12/18/2017 16:00:00,44.11,12/18/2017 16:00:00,86.38
709,12/19/2017 16:00:00,179.51,12/19/2017 16:00:00,43.64,12/19/2017 16:00:00,85.83
710,12/20/2017 16:00:00,177.89,12/20/2017 16:00:00,43.59,12/20/2017 16:00:00,85.52
711,12/21/2017 16:00:00,177.45,12/21/2017 16:00:00,43.75,12/21/2017 16:00:00,85.5
712,12/22/2017 16:00:00,177.2,12/22/2017 16:00:00,43.75,12/22/2017 16:00:00,85.51
713,12/26/2017 16:00:00,175.99,12/26/2017 16:00:00,42.64,12/26/2017 16:00:00,85.4
714,12/27/2017 16:00:00,177.62,12/27/2017 16:00:00,42.65,12/27/2017 16:00:00,85.71
715,12/28/2017 16:00:00,177.92,12/28/2017 16:00:00,42.77,12/28/2017 16:00:00,85.72
716,12/29/2017 16:00:00,176.46,12/29/2017 16:00:00,42.31,12/29/2017 16:00:00,85.54
717,1/2/2018 16:00:00,181.42,1/2/2018 16:00:00,43.07,1/2/2018 16:00:00,85.95
718,1/3/2018 16:00:00,184.67,1/3/2018 16:00:00,43.06,1/3/2018 16:00:00,86.35
719,1/4/2018 16:00:00,184.33,1/4/2018 16:00:00,43.26,1/4/2018 16:00:00,87.11
720,1/5/2018 16:00:00,186.85,1/5/2018 16:00:00,43.75,1/5/2018 16:00:00,88.19
721,1/8/2018 16:00:00,188.28,1/8/2018 16:00:00,43.59,1/8/2018 16:00:00,88.28
722,1/9/2018 16:00:00,187.87,1/9/2018 16:00:00,43.58,1/9/2018 16:00:00,88.22
723,1/10/2018 16:00:00,187.84,1/10/2018 16:00:00,43.57,1/10/2018 16:00:00,87.82
724,1/11/2018 16:00:00,187.77,1/11/2018 16:00:00,43.82,1/11/2018 16:00:00,88.08
725,1/12/2018 16:00:00,179.37,1/12/2018 16:00:00,44.27,1/12/2018 16:00:00,89.6
726,1/16/2018 16:00:00,178.39,1/16/2018 16:00:00,44.05,1/16/2018 16:00:00,88.35
727,1/17/2018 16:00:00,177.6,1/17/2018 16:00:00,44.78,1/17/2018 16:00:00,90.14
728,1/18/2018 16:00:00,179.8,1/18/2018 16:00:00,44.82,1/18/2018 16:00:00,90.1
729,1/19/2018 16:00:00,181.29,1/19/2018 16:00:00,44.62,1/19/2018 16:00:00,90
730,1/22/2018 16:00:00,185.37,1/22/2018 16:00:00,44.25,1/22/2018 16:00:00,91.61
731,1/23/2018 16:00:00,189.35,1/23/2018 16:00:00,44.26,1/23/2018 16:00:00,91.9
732,1/24/2018 16:00:00,186.55,1/24/2018 16:00:00,43.56,1/24/2018 16:00:00,91.82
733,1/25/2018 16:00:00,187.48,1/25/2018 16:00:00,42.78,1/25/2018 16:00:00,92.33
734,1/26/2018 16:00:00,190,1/26/2018 16:00:00,42.88,1/26/2018 16:00:00,94.06
735,1/29/2018 16:00:00,185.98,1/29/2018 16:00:00,41.99,1/29/2018 16:00:00,93.92
736,1/30/2018 16:00:00,187.12,1/30/2018 16:00:00,41.74,1/30/2018 16:00:00,92.74
737,1/31/2018 16:00:00,186.89,1/31/2018 16:00:00,41.86,1/31/2018 16:00:00,95.01
738,2/1/2018 16:00:00,193.09,2/1/2018 16:00:00,41.95,2/1/2018 16:00:00,94.26
739,2/2/2018 16:00:00,190.28,2/2/2018 16:00:00,40.13,2/2/2018 16:00:00,91.78
740,2/5/2018 16:00:00,181.26,2/5/2018 16:00:00,39.12,2/5/2018 16:00:00,88
741,2/6/2018 16:00:00,185.31,2/6/2018 16:00:00,40.76,2/6/2018 16:00:00,91.33
742,2/7/2018 16:00:00,180.18,2/7/2018 16:00:00,39.89,2/7/2018 16:00:00,89.61
743,2/8/2018 16:00:00,171.58,2/8/2018 16:00:00,38.79,2/8/2018 16:00:00,85.01
744,2/9/2018 16:00:00,176.11,2/9/2018 16:00:00,39.1,2/9/2018 16:00:00,88.18
745,2/12/2018 16:00:00,176.41,2/12/2018 16:00:00,40.68,2/12/2018 16:00:00,89.13
746,2/13/2018 16:00:00,173.15,2/13/2018 16:00:00,41.09,2/13/2018 16:00:00,89.83
747,2/14/2018 16:00:00,179.52,2/14/2018 16:00:00,41.84,2/14/2018 16:00:00,90.81
748,2/15/2018 16:00:00,179.96,2/15/2018 16:00:00,43.25,2/15/2018 16:00:00,92.66
749,2/16/2018 16:00:00,177.36,2/16/2018 16:00:00,43.11,2/16/2018 16:00:00,92
750,2/20/2018 16:00:00,176.01,2/20/2018 16:00:00,42.96,2/20/2018 16:00:00,92.72
751,2/21/2018 16:00:00,177.91,2/21/2018 16:00:00,42.77,2/21/2018 16:00:00,91.49
752,2/22/2018 16:00:00,178.99,2/22/2018 16:00:00,43.13,2/22/2018 16:00:00,91.73
753,2/23/2018 16:00:00,183.29,2/23/2018 16:00:00,43.88,2/23/2018 16:00:00,94.06
754,2/26/2018 16:00:00,184.93,2/26/2018 16:00:00,44.74,2/26/2018 16:00:00,95.42
755,2/27/2018 16:00:00,181.46,2/27/2018 16:00:00,44.6,2/27/2018 16:00:00,94.2
756,2/28/2018 16:00:00,178.32,2/28/2018 16:00:00,44.53,2/28/2018 16:00:00,93.77
757,3/1/2018 16:00:00,175.94,3/1/2018 16:00:00,43.75,3/1/2018 16:00:00,92.85
758,3/2/2018 16:00:00,176.62,3/2/2018 16:00:00,44.05,3/2/2018 16:00:00,93.05
759,3/5/2018 16:00:00,180.4,3/5/2018 16:00:00,44.21,3/5/2018 16:00:00,93.64
760,3/6/2018 16:00:00,179.78,3/6/2018 16:00:00,44.17,3/6/2018 16:00:00,93.32
761,3/7/2018 16:00:00,183.71,3/7/2018 16:00:00,43.76,3/7/2018 16:00:00,93.86
762,3/8/2018 16:00:00,182.34,3/8/2018 16:00:00,44.24,3/8/2018 16:00:00,94.43
763,3/9/2018 16:00:00,185.23,3/9/2018 16:00:00,45,3/9/2018 16:00:00,96.54
764,3/12/2018 16:00:00,184.76,3/12/2018 16:00:00,45.43,3/12/2018 16:00:00,96.77
765,3/13/2018 16:00:00,181.88,3/13/2018 16:00:00,44.99,3/13/2018 16:00:00,94.41
766,3/14/2018 16:00:00,184.19,3/14/2018 16:00:00,44.61,3/14/2018 16:00:00,93.85
767,3/15/2018 16:00:00,183.86,3/15/2018 16:00:00,44.66,3/15/2018 16:00:00,94.18
768,3/16/2018 16:00:00,185.09,3/16/2018 16:00:00,44.51,3/16/2018 16:00:00,94.6
769,3/19/2018 16:00:00,172.56,3/19/2018 16:00:00,43.83,3/19/2018 16:00:00,92.89
770,3/20/2018 16:00:00,168.15,3/20/2018 16:00:00,43.81,3/20/2018 16:00:00,93.13
771,3/21/2018 16:00:00,169.39,3/21/2018 16:00:00,42.82,3/21/2018 16:00:00,92.48
772,3/22/2018 16:00:00,164.89,3/22/2018 16:00:00,42.21,3/22/2018 16:00:00,89.79
773,3/23/2018 16:00:00,159.39,3/23/2018 16:00:00,41.24,3/23/2018 16:00:00,87.18
774,3/26/2018 16:00:00,160.06,3/26/2018 16:00:00,43.19,3/26/2018 16:00:00,93.78
775,3/27/2018 16:00:00,152.22,3/27/2018 16:00:00,42.09,3/27/2018 16:00:00,89.47
776,3/28/2018 16:00:00,153.03,3/28/2018 16:00:00,41.62,3/28/2018 16:00:00,89.39
777,3/29/2018 16:00:00,159.79,3/29/2018 16:00:00,41.95,3/29/2018 16:00:00,91.27
778,4/2/2018 16:00:00,155.39,4/2/2018 16:00:00,41.67,4/2/2018 16:00:00,88.52
779,4/3/2018 16:00:00,156.11,4/3/2018 16:00:00,42.1,4/3/2018 16:00:00,89.71
780,4/4/2018 16:00:00,155.1,4/4/2018 16:00:00,42.9,4/4/2018 16:00:00,92.33
781,4/5/2018 16:00:00,159.34,4/5/2018 16:00:00,43.2,4/5/2018 16:00:00,92.38
782,4/6/2018 16:00:00,157.2,4/6/2018 16:00:00,42.1,4/6/2018 16:00:00,90.23
783,4/9/2018 16:00:00,157.93,4/9/2018 16:00:00,42.51,4/9/2018 16:00:00,90.77
784,4/10/2018 16:00:00,165.04,4/10/2018 16:00:00,43.31,4/10/2018 16:00:00,92.88
785,4/11/2018 16:00:00,166.32,4/11/2018 16:00:00,43.11,4/11/2018 16:00:00,91.86
786,4/12/2018 16:00:00,163.87,4/12/2018 16:00:00,43.54,4/12/2018 16:00:00,93.58
787,4/13/2018 16:00:00,164.52,4/13/2018 16:00:00,43.68,4/13/2018 16:00:00,93.08
788,4/16/2018 16:00:00,164.83,4/16/2018 16:00:00,43.96,4/16/2018 16:00:00,94.17
789,4/17/2018 16:00:00,168.66,4/17/2018 16:00:00,44.56,4/17/2018 16:00:00,96.07
790,4/18/2018 16:00:00,166.36,4/18/2018 16:00:00,44.46,4/18/2018 16:00:00,96.44
791,4/19/2018 16:00:00,168.1,4/19/2018 16:00:00,43.2,4/19/2018 16:00:00,96.11
792,4/20/2018 16:00:00,166.28,4/20/2018 16:00:00,41.43,4/20/2018 16:00:00,95
793,4/23/2018 16:00:00,165.84,4/23/2018 16:00:00,41.31,4/23/2018 16:00:00,95.35
794,4/24/2018 16:00:00,159.69,4/24/2018 16:00:00,40.74,4/24/2018 16:00:00,93.12
795,4/25/2018 16:00:00,159.69,4/25/2018 16:00:00,40.91,4/25/2018 16:00:00,92.31
796,4/26/2018 16:00:00,174.16,4/26/2018 16:00:00,41.06,4/26/2018 16:00:00,94.26
797,4/27/2018 16:00:00,173.59,4/27/2018 16:00:00,40.58,4/27/2018 16:00:00,95.82
798,4/30/2018 16:00:00,172,4/30/2018 16:00:00,41.32,4/30/2018 16:00:00,93.52
799,5/1/2018 16:00:00,173.86,5/1/2018 16:00:00,42.28,5/1/2018 16:00:00,95
800,5/2/2018 16:00:00,176.07,5/2/2018 16:00:00,44.14,5/2/2018 16:00:00,93.51
801,5/3/2018 16:00:00,174.02,5/3/2018 16:00:00,44.22,5/3/2018 16:00:00,94.07
802,5/4/2018 16:00:00,176.61,5/4/2018 16:00:00,45.96,5/4/2018 16:00:00,95.16
803,5/7/2018 16:00:00,177.97,5/7/2018 16:00:00,46.29,5/7/2018 16:00:00,96.22
804,5/8/2018 16:00:00,178.92,5/8/2018 16:00:00,46.51,5/8/2018 16:00:00,95.81
805,5/9/2018 16:00:00,182.66,5/9/2018 16:00:00,46.84,5/9/2018 16:00:00,96.94
806,5/10/2018 16:00:00,185.53,5/10/2018 16:00:00,47.51,5/10/2018 16:00:00,97.91
807,5/11/2018 16:00:00,186.99,5/11/2018 16:00:00,47.15,5/11/2018 16:00:00,97.7
808,5/14/2018 16:00:00,186.64,5/14/2018 16:00:00,47.04,5/14/2018 16:00:00,98.03
809,5/15/2018 16:00:00,184.32,5/15/2018 16:00:00,46.61,5/15/2018 16:00:00,97.32
810,5/16/2018 16:00:00,183.2,5/16/2018 16:00:00,47.05,5/16/2018 16:00:00,97.15
811,5/17/2018 16:00:00,183.76,5/17/2018 16:00:00,46.75,5/17/2018 16:00:00,96.18
812,5/18/2018 16:00:00,182.68,5/18/2018 16:00:00,46.58,5/18/2018 16:00:00,96.36
813,5/21/2018 16:00:00,184.49,5/21/2018 16:00:00,46.91,5/21/2018 16:00:00,97.6
814,5/22/2018 16:00:00,183.8,5/22/2018 16:00:00,46.79,5/22/2018 16:00:00,97.5
815,5/23/2018 16:00:00,186.9,5/23/2018 16:00:00,47.09,5/23/2018 16:00:00,98.66
816,5/24/2018 16:00:00,185.93,5/24/2018 16:00:00,47.04,5/24/2018 16:00:00,98.31
817,5/25/2018 16:00:00,184.92,5/25/2018 16:00:00,47.15,5/25/2018 16:00:00,98.36
818,5/29/2018 16:00:00,185.74,5/29/2018 16:00:00,46.98,5/29/2018 16:00:00,98.01
819,5/30/2018 16:00:00,187.67,5/30/2018 16:00:00,46.88,5/30/2018 16:00:00,98.95
820,5/31/2018 16:00:00,191.78,5/31/2018 16:00:00,46.88,5/31/2018 16:00:00,98.84
821,6/1/2018 16:00:00,193.99,6/1/2018 16:00:00,47.56,6/1/2018 16:00:00,100.79
822,6/4/2018 16:00:00,193.28,6/4/2018 16:00:00,47.96,6/4/2018 16:00:00,101.67
823,6/5/2018 16:00:00,192.94,6/5/2018 16:00:00,48.33,6/5/2018 16:00:00,102.19
824,6/6/2018 16:00:00,191.34,6/6/2018 16:00:00,48.5,6/6/2018 16:00:00,102.49
825,6/7/2018 16:00:00,188.18,6/7/2018 16:00:00,48.37,6/7/2018 16:00:00,100.88
826,6/8/2018 16:00:00,189.1,6/8/2018 16:00:00,47.93,6/8/2018 16:00:00,101.63
827,6/11/2018 16:00:00,191.54,6/11/2018 16:00:00,47.81,6/11/2018 16:00:00,101.05
828,6/12/2018 16:00:00,192.4,6/12/2018 16:00:00,48.07,6/12/2018 16:00:00,101.31
829,6/13/2018 16:00:00,192.41,6/13/2018 16:00:00,47.68,6/13/2018 16:00:00,100.85
830,6/14/2018 16:00:00,196.81,6/14/2018 16:00:00,47.7,6/14/2018 16:00:00,101.42
831,6/15/2018 16:00:00,195.85,6/15/2018 16:00:00,47.21,6/15/2018 16:00:00,100.13
832,6/18/2018 16:00:00,198.31,6/18/2018 16:00:00,47.19,6/18/2018 16:00:00,100.86
833,6/19/2018 16:00:00,197.49,6/19/2018 16:00:00,46.42,6/19/2018 16:00:00,100.86
834,6/20/2018 16:00:00,202,6/20/2018 16:00:00,46.63,6/20/2018 16:00:00,101.87
835,6/21/2018 16:00:00,201.5,6/21/2018 16:00:00,46.37,6/21/2018 16:00:00,101.14
836,6/22/2018 16:00:00,201.74,6/22/2018 16:00:00,46.23,6/22/2018 16:00:00,100.41
837,6/25/2018 16:00:00,196.35,6/25/2018 16:00:00,45.54,6/25/2018 16:00:00,98.39
838,6/26/2018 16:00:00,199,6/26/2018 16:00:00,46.11,6/26/2018 16:00:00,99.08
839,6/27/2018 16:00:00,195.84,6/27/2018 16:00:00,46.04,6/27/2018 16:00:00,97.54
840,6/28/2018 16:00:00,196.23,6/28/2018 16:00:00,46.38,6/28/2018 16:00:00,98.63
841,6/29/2018 16:00:00,194.32,6/29/2018 16:00:00,46.28,6/29/2018 16:00:00,98.61
842,7/2/2018 16:00:00,197.36,7/2/2018 16:00:00,46.8,7/2/2018 16:00:00,100.01
843,7/3/2018 13:00:00,192.73,7/3/2018 13:00:00,45.98,7/3/2018 13:00:00,99.05
844,7/5/2018 16:00:00,198.45,7/5/2018 16:00:00,46.35,7/5/2018 16:00:00,99.76
845,7/6/2018 16:00:00,203.23,7/6/2018 16:00:00,46.99,7/6/2018 16:00:00,101.16
846,7/9/2018 16:00:00,204.74,7/9/2018 16:00:00,47.65,7/9/2018 16:00:00,101.85
847,7/10/2018 16:00:00,203.54,7/10/2018 16:00:00,47.59,7/10/2018 16:00:00,102.12
848,7/11/2018 16:00:00,202.54,7/11/2018 16:00:00,46.97,7/11/2018 16:00:00,101.98
849,7/12/2018 16:00:00,206.92,7/12/2018 16:00:00,47.76,7/12/2018 16:00:00,104.19
850,7/13/2018 16:00:00,207.32,7/13/2018 16:00:00,47.83,7/13/2018 16:00:00,105.43
851,7/16/2018 16:00:00,207.23,7/16/2018 16:00:00,47.73,7/16/2018 16:00:00,104.91
852,7/17/2018 16:00:00,209.99,7/17/2018 16:00:00,47.86,7/17/2018 16:00:00,105.95
853,7/18/2018 16:00:00,209.36,7/18/2018 16:00:00,47.6,7/18/2018 16:00:00,105.12
854,7/19/2018 16:00:00,208.09,7/19/2018 16:00:00,47.97,7/19/2018 16:00:00,104.4
855,7/20/2018 16:00:00,209.94,7/20/2018 16:00:00,47.86,7/20/2018 16:00:00,106.27
856,7/23/2018 16:00:00,210.91,7/23/2018 16:00:00,47.86,7/23/2018 16:00:00,107.97
857,7/24/2018 16:00:00,214.67,7/24/2018 16:00:00,48.25,7/24/2018 16:00:00,107.66
858,7/25/2018 16:00:00,217.5,7/25/2018 16:00:00,48.71,7/25/2018 16:00:00,110.83
859,7/26/2018 16:00:00,176.26,7/26/2018 16:00:00,48.55,7/26/2018 16:00:00,109.62
860,7/27/2018 16:00:00,174.89,7/27/2018 16:00:00,47.75,7/27/2018 16:00:00,107.68
861,7/30/2018 16:00:00,171.06,7/30/2018 16:00:00,47.48,7/30/2018 16:00:00,105.37
862,7/31/2018 16:00:00,172.58,7/31/2018 16:00:00,47.57,7/31/2018 16:00:00,106.08
863,8/1/2018 16:00:00,171.65,8/1/2018 16:00:00,50.38,8/1/2018 16:00:00,106.28
864,8/2/2018 16:00:00,176.37,8/2/2018 16:00:00,51.85,8/2/2018 16:00:00,107.57
865,8/3/2018 16:00:00,177.78,8/3/2018 16:00:00,52,8/3/2018 16:00:00,108.04
866,8/6/2018 16:00:00,185.69,8/6/2018 16:00:00,52.27,8/6/2018 16:00:00,108.13
867,8/7/2018 16:00:00,183.81,8/7/2018 16:00:00,51.78,8/7/2018 16:00:00,108.88
868,8/8/2018 16:00:00,185.18,8/8/2018 16:00:00,51.81,8/8/2018 16:00:00,109.49
869,8/9/2018 16:00:00,183.09,8/9/2018 16:00:00,52.22,8/9/2018 16:00:00,109.67
870,8/10/2018 16:00:00,180.26,8/10/2018 16:00:00,51.88,8/10/2018 16:00:00,109
871,8/13/2018 16:00:00,180.05,8/13/2018 16:00:00,52.22,8/13/2018 16:00:00,108.21
872,8/14/2018 16:00:00,181.11,8/14/2018 16:00:00,52.44,8/14/2018 16:00:00,109.56
873,8/15/2018 16:00:00,179.53,8/15/2018 16:00:00,52.56,8/15/2018 16:00:00,107.66
874,8/16/2018 16:00:00,174.7,8/16/2018 16:00:00,53.33,8/16/2018 16:00:00,107.64
875,8/17/2018 16:00:00,173.8,8/17/2018 16:00:00,54.4,8/17/2018 16:00:00,107.58
876,8/20/2018 16:00:00,172.5,8/20/2018 16:00:00,53.87,8/20/2018 16:00:00,106.87
877,8/21/2018 16:00:00,172.62,8/21/2018 16:00:00,53.76,8/21/2018 16:00:00,105.98
878,8/22/2018 16:00:00,173.64,8/22/2018 16:00:00,53.76,8/22/2018 16:00:00,107.06
879,8/23/2018 16:00:00,172.9,8/23/2018 16:00:00,53.87,8/23/2018 16:00:00,107.56
880,8/24/2018 16:00:00,174.65,8/24/2018 16:00:00,54.04,8/24/2018 16:00:00,108.4
881,8/27/2018 16:00:00,177.46,8/27/2018 16:00:00,54.49,8/27/2018 16:00:00,109.6
882,8/28/2018 16:00:00,176.26,8/28/2018 16:00:00,54.93,8/28/2018 16:00:00,110.26
883,8/29/2018 16:00:00,175.9,8/29/2018 16:00:00,55.75,8/29/2018 16:00:00,112.02
884,8/30/2018 16:00:00,177.64,8/30/2018 16:00:00,56.26,8/30/2018 16:00:00,111.95
885,8/31/2018 16:00:00,175.73,8/31/2018 16:00:00,56.91,8/31/2018 16:00:00,112.33
886,9/4/2018 16:00:00,171.16,9/4/2018 16:00:00,57.09,9/4/2018 16:00:00,111.71
887,9/5/2018 16:00:00,167.18,9/5/2018 16:00:00,56.72,9/5/2018 16:00:00,108.49
888,9/6/2018 16:00:00,162.53,9/6/2018 16:00:00,55.78,9/6/2018 16:00:00,108.74
889,9/7/2018 16:00:00,163.04,9/7/2018 16:00:00,55.33,9/7/2018 16:00:00,108.21
890,9/10/2018 16:00:00,164.18,9/10/2018 16:00:00,54.58,9/10/2018 16:00:00,109.38
891,9/11/2018 16:00:00,165.94,9/11/2018 16:00:00,55.96,9/11/2018 16:00:00,111.24
892,9/12/2018 16:00:00,162,9/12/2018 16:00:00,55.27,9/12/2018 16:00:00,111.71
893,9/13/2018 16:00:00,161.36,9/13/2018 16:00:00,56.6,9/13/2018 16:00:00,112.91
894,9/14/2018 16:00:00,162.32,9/14/2018 16:00:00,55.96,9/14/2018 16:00:00,113.37
895,9/17/2018 16:00:00,160.58,9/17/2018 16:00:00,54.47,9/17/2018 16:00:00,112.14
896,9/18/2018 16:00:00,160.3,9/18/2018 16:00:00,54.56,9/18/2018 16:00:00,113.21
897,9/19/2018 16:00:00,163.06,9/19/2018 16:00:00,54.59,9/19/2018 16:00:00,111.7
898,9/20/2018 16:00:00,166.02,9/20/2018 16:00:00,55.01,9/20/2018 16:00:00,113.57
899,9/21/2018 16:00:00,162.93,9/21/2018 16:00:00,54.42,9/21/2018 16:00:00,114.26
900,9/24/2018 16:00:00,165.41,9/24/2018 16:00:00,55.2,9/24/2018 16:00:00,114.67
901,9/25/2018 16:00:00,164.91,9/25/2018 16:00:00,55.55,9/25/2018 16:00:00,114.45
902,9/26/2018 16:00:00,166.95,9/26/2018 16:00:00,55.11,9/26/2018 16:00:00,113.98
903,9/27/2018 16:00:00,168.84,9/27/2018 16:00:00,56.24,9/27/2018 16:00:00,114.41
904,9/28/2018 16:00:00,164.46,9/28/2018 16:00:00,56.44,9/28/2018 16:00:00,114.37
905,10/1/2018 16:00:00,162.44,10/1/2018 16:00:00,56.82,10/1/2018 16:00:00,115.61
906,10/2/2018 16:00:00,159.33,10/2/2018 16:00:00,57.32,10/2/2018 16:00:00,115.15
907,10/3/2018 16:00:00,162.43,10/3/2018 16:00:00,58.02,10/3/2018 16:00:00,115.17
908,10/4/2018 16:00:00,158.85,10/4/2018 16:00:00,57,10/4/2018 16:00:00,112.79
909,10/5/2018 16:00:00,157.33,10/5/2018 16:00:00,56.07,10/5/2018 16:00:00,112.13
910,10/8/2018 16:00:00,157.25,10/8/2018 16:00:00,55.94,10/8/2018 16:00:00,110.85
911,10/9/2018 16:00:00,157.9,10/9/2018 16:00:00,56.72,10/9/2018 16:00:00,112.26
912,10/10/2018 16:00:00,151.38,10/10/2018 16:00:00,54.09,10/10/2018 16:00:00,106.16
913,10/11/2018 16:00:00,153.35,10/11/2018 16:00:00,53.61,10/11/2018 16:00:00,105.91
914,10/12/2018 16:00:00,153.74,10/12/2018 16:00:00,55.53,10/12/2018 16:00:00,109.57
915,10/15/2018 16:00:00,153.52,10/15/2018 16:00:00,54.34,10/15/2018 16:00:00,107.6
916,10/16/2018 16:00:00,158.78,10/16/2018 16:00:00,55.54,10/16/2018 16:00:00,111
917,10/17/2018 16:00:00,159.42,10/17/2018 16:00:00,55.3,10/17/2018 16:00:00,110.71
918,10/18/2018 16:00:00,154.92,10/18/2018 16:00:00,54.01,10/18/2018 16:00:00,108.5
919,10/19/2018 16:00:00,154.05,10/19/2018 16:00:00,54.83,10/19/2018 16:00:00,108.66
920,10/22/2018 16:00:00,154.78,10/22/2018 16:00:00,55.16,10/22/2018 16:00:00,109.63
921,10/23/2018 16:00:00,154.39,10/23/2018 16:00:00,55.68,10/23/2018 16:00:00,108.1
922,10/24/2018 16:00:00,146.04,10/24/2018 16:00:00,53.77,10/24/2018 16:00:00,102.32
923,10/25/2018 16:00:00,150.95,10/25/2018 16:00:00,54.95,10/25/2018 16:00:00,108.3
924,10/26/2018 16:00:00,145.37,10/26/2018 16:00:00,54.08,10/26/2018 16:00:00,106.96
925,10/29/2018 16:00:00,142.09,10/29/2018 16:00:00,53.06,10/29/2018 16:00:00,103.85
926,10/30/2018 16:00:00,146.22,10/30/2018 16:00:00,53.33,10/30/2018 16:00:00,103.73
927,10/31/2018 16:00:00,151.79,10/31/2018 16:00:00,54.72,10/31/2018 16:00:00,106.81
928,11/1/2018 16:00:00,151.75,11/1/2018 16:00:00,55.56,11/1/2018 16:00:00,105.92
929,11/2/2018 16:00:00,150.35,11/2/2018 16:00:00,51.87,11/2/2018 16:00:00,106.16
930,11/5/2018 16:00:00,148.68,11/5/2018 16:00:00,50.4,11/5/2018 16:00:00,107.51
931,11/6/2018 16:00:00,149.94,11/6/2018 16:00:00,50.94,11/6/2018 16:00:00,107.72
932,11/7/2018 16:00:00,151.53,11/7/2018 16:00:00,52.49,11/7/2018 16:00:00,111.96
933,11/8/2018 16:00:00,147.87,11/8/2018 16:00:00,52.12,11/8/2018 16:00:00,111.75
934,11/9/2018 16:00:00,144.96,11/9/2018 16:00:00,51.12,11/9/2018 16:00:00,109.57
935,11/12/2018 16:00:00,141.55,11/12/2018 16:00:00,48.54,11/12/2018 16:00:00,106.87
936,11/13/2018 16:00:00,142.16,11/13/2018 16:00:00,48.06,11/13/2018 16:00:00,106.94
937,11/14/2018 16:00:00,144.22,11/14/2018 16:00:00,46.7,11/14/2018 16:00:00,104.97
938,11/15/2018 16:00:00,143.85,11/15/2018 16:00:00,47.85,11/15/2018 16:00:00,107.28
939,11/16/2018 16:00:00,139.53,11/16/2018 16:00:00,48.38,11/16/2018 16:00:00,108.29
940,11/19/2018 16:00:00,131.55,11/19/2018 16:00:00,46.47,11/19/2018 16:00:00,104.62
941,11/20/2018 16:00:00,132.43,11/20/2018 16:00:00,44.25,11/20/2018 16:00:00,101.71
942,11/21/2018 16:00:00,134.82,11/21/2018 16:00:00,44.2,11/21/2018 16:00:00,103.11
943,11/23/2018 13:00:00,131.73,11/23/2018 13:00:00,43.07,11/23/2018 13:00:00,103.07
944,11/26/2018 16:00:00,136.38,11/26/2018 16:00:00,43.66,11/26/2018 16:00:00,106.47
945,11/27/2018 16:00:00,135,11/27/2018 16:00:00,43.56,11/27/2018 16:00:00,107.14
946,11/28/2018 16:00:00,136.76,11/28/2018 16:00:00,45.24,11/28/2018 16:00:00,111.12
947,11/29/2018 16:00:00,138.68,11/29/2018 16:00:00,44.89,11/29/2018 16:00:00,110.19
948,11/30/2018 16:00:00,140.61,11/30/2018 16:00:00,44.65,11/30/2018 16:00:00,110.89
949,12/3/2018 16:00:00,141.09,12/3/2018 16:00:00,46.21,12/3/2018 16:00:00,112.09
950,12/4/2018 16:00:00,137.93,12/4/2018 16:00:00,44.17,12/4/2018 16:00:00,108.52
951,12/6/2018 16:00:00,139.63,12/6/2018 16:00:00,43.68,12/6/2018 16:00:00,109.19
952,12/7/2018 16:00:00,137.42,12/7/2018 16:00:00,42.12,12/7/2018 16:00:00,104.82
953,12/10/2018 16:00:00,141.85,12/10/2018 16:00:00,42.4,12/10/2018 16:00:00,107.59
954,12/11/2018 16:00:00,142.08,12/11/2018 16:00:00,42.16,12/11/2018 16:00:00,108.59
955,12/12/2018 16:00:00,144.5,12/12/2018 16:00:00,42.28,12/12/2018 16:00:00,109.08
956,12/13/2018 16:00:00,145.01,12/13/2018 16:00:00,42.74,12/13/2018 16:00:00,109.45
957,12/14/2018 16:00:00,144.06,12/14/2018 16:00:00,41.37,12/14/2018 16:00:00,106.03
958,12/17/2018 16:00:00,140.19,12/17/2018 16:00:00,40.99,12/17/2018 16:00:00,102.89
959,12/18/2018 16:00:00,143.66,12/18/2018 16:00:00,41.52,12/18/2018 16:00:00,103.97
960,12/19/2018 16:00:00,133.24,12/19/2018 16:00:00,40.22,12/19/2018 16:00:00,103.69
961,12/20/2018 16:00:00,133.4,12/20/2018 16:00:00,39.21,12/20/2018 16:00:00,101.51
962,12/21/2018 16:00:00,124.95,12/21/2018 16:00:00,37.68,12/21/2018 16:00:00,98.23
963,12/24/2018 13:00:00,124.06,12/24/2018 13:00:00,36.71,12/24/2018 13:00:00,94.13
964,12/26/2018 16:00:00,134.18,12/26/2018 16:00:00,39.29,12/26/2018 16:00:00,100.56
965,12/27/2018 16:00:00,134.52,12/27/2018 16:00:00,39.04,12/27/2018 16:00:00,101.18
966,12/28/2018 16:00:00,133.2,12/28/2018 16:00:00,39.06,12/28/2018 16:00:00,100.39
967,12/31/2018 16:00:00,131.09,12/31/2018 16:00:00,39.44,12/31/2018 16:00:00,101.57
968,1/2/2019 16:00:00,135.68,1/2/2019 16:00:00,39.48,1/2/2019 16:00:00,101.12
969,1/3/2019 16:00:00,131.74,1/3/2019 16:00:00,35.55,1/3/2019 16:00:00,97.4
970,1/4/2019 16:00:00,137.95,1/4/2019 16:00:00,37.07,1/4/2019 16:00:00,101.93
971,1/7/2019 16:00:00,138.05,1/7/2019 16:00:00,36.98,1/7/2019 16:00:00,102.06
972,1/8/2019 16:00:00,142.53,1/8/2019 16:00:00,37.69,1/8/2019 16:00:00,102.8
973,1/9/2019 16:00:00,144.23,1/9/2019 16:00:00,38.33,1/9/2019 16:00:00,104.27
974,1/10/2019 16:00:00,144.2,1/10/2019 16:00:00,38.45,1/10/2019 16:00:00,103.6
975,1/11/2019 16:00:00,143.8,1/11/2019 16:00:00,38.07,1/11/2019 16:00:00,102.8
976,1/14/2019 16:00:00,145.39,1/14/2019 16:00:00,37.5,1/14/2019 16:00:00,102.05
977,1/15/2019 16:00:00,148.95,1/15/2019 16:00:00,38.27,1/15/2019 16:00:00,105.01
978,1/16/2019 16:00:00,147.54,1/16/2019 16:00:00,38.74,1/16/2019 16:00:00,105.38
979,1/17/2019 16:00:00,148.3,1/17/2019 16:00:00,38.97,1/17/2019 16:00:00,106.12
980,1/18/2019 16:00:00,150.04,1/18/2019 16:00:00,39.21,1/18/2019 16:00:00,107.71
981,1/22/2019 16:00:00,147.57,1/22/2019 16:00:00,38.33,1/22/2019 16:00:00,105.68
982,1/23/2019 16:00:00,144.3,1/23/2019 16:00:00,38.48,1/23/2019 16:00:00,106.71
983,1/24/2019 16:00:00,145.83,1/24/2019 16:00:00,38.17,1/24/2019 16:00:00,106.2
984,1/25/2019 16:00:00,149.01,1/25/2019 16:00:00,39.44,1/25/2019 16:00:00,107.17
985,1/28/2019 16:00:00,147.47,1/28/2019 16:00:00,39.08,1/28/2019 16:00:00,105.08
986,1/29/2019 16:00:00,144.19,1/29/2019 16:00:00,38.67,1/29/2019 16:00:00,102.94
987,1/30/2019 16:00:00,150.42,1/30/2019 16:00:00,41.31,1/30/2019 16:00:00,106.38
988,1/31/2019 16:00:00,166.69,1/31/2019 16:00:00,41.61,1/31/2019 16:00:00,104.43
989,2/1/2019 16:00:00,165.71,2/1/2019 16:00:00,41.63,2/1/2019 16:00:00,102.78
990,2/4/2019 16:00:00,169.25,2/4/2019 16:00:00,42.81,2/4/2019 16:00:00,105.74
991,2/5/2019 16:00:00,171.16,2/5/2019 16:00:00,43.55,2/5/2019 16:00:00,107.22
992,2/6/2019 16:00:00,170.49,2/6/2019 16:00:00,43.56,2/6/2019 16:00:00,106.03
993,2/7/2019 16:00:00,166.38,2/7/2019 16:00:00,42.74,2/7/2019 16:00:00,105.27
994,2/8/2019 16:00:00,167.33,2/8/2019 16:00:00,42.6,2/8/2019 16:00:00,105.67
995,2/11/2019 16:00:00,165.79,2/11/2019 16:00:00,42.36,2/11/2019 16:00:00,105.25
996,2/12/2019 16:00:00,165.04,2/12/2019 16:00:00,42.72,2/12/2019 16:00:00,106.89
997,2/13/2019 16:00:00,164.07,2/13/2019 16:00:00,42.55,2/13/2019 16:00:00,106.81
998,2/14/2019 16:00:00,163.95,2/14/2019 16:00:00,42.7,2/14/2019 16:00:00,106.9
999,2/15/2019 16:00:00,162.5,2/15/2019 16:00:00,42.61,2/15/2019 16:00:00,108.22
1000,2/19/2019 16:00:00,162.29,2/19/2019 16:00:00,42.73,2/19/2019 16:00:00,108.17
1001,2/20/2019 16:00:00,162.56,2/20/2019 16:00:00,43.01,2/20/2019 16:00:00,107.15
1002,2/21/2019 16:00:00,160.04,2/21/2019 16:00:00,42.77,2/21/2019 16:00:00,109.41
1003,2/22/2019 16:00:00,161.89,2/22/2019 16:00:00,43.24,2/22/2019 16:00:00,110.97
1004,2/25/2019 16:00:00,164.62,2/25/2019 16:00:00,43.56,2/25/2019 16:00:00,111.59
1005,2/26/2019 16:00:00,164.13,2/26/2019 16:00:00,43.58,2/26/2019 16:00:00,112.36
1006,2/27/2019 16:00:00,162.81,2/27/2019 16:00:00,43.72,2/27/2019 16:00:00,112.17
1007,2/28/2019 16:00:00,161.45,2/28/2019 16:00:00,43.29,2/28/2019 16:00:00,112.03
1008,3/1/2019 16:00:00,162.28,3/1/2019 16:00:00,43.74,3/1/2019 16:00:00,112.53
1009,3/4/2019 16:00:00,167.37,3/4/2019 16:00:00,43.96,3/4/2019 16:00:00,112.26
1010,3/5/2019 16:00:00,171.26,3/5/2019 16:00:00,43.88,3/5/2019 16:00:00,111.7
1011,3/6/2019 16:00:00,172.51,3/6/2019 16:00:00,43.63,3/6/2019 16:00:00,111.75
1012,3/7/2019 16:00:00,169.13,3/7/2019 16:00:00,43.13,3/7/2019 16:00:00,110.39
1013,3/8/2019 16:00:00,169.6,3/8/2019 16:00:00,43.23,3/8/2019 16:00:00,110.51
1014,3/11/2019 16:00:00,172.07,3/11/2019 16:00:00,44.73,3/11/2019 16:00:00,112.83
1015,3/12/2019 16:00:00,171.92,3/12/2019 16:00:00,45.23,3/12/2019 16:00:00,113.62
1016,3/13/2019 16:00:00,173.37,3/13/2019 16:00:00,45.43,3/13/2019 16:00:00,114.5
1017,3/14/2019 16:00:00,170.17,3/14/2019 16:00:00,45.93,3/14/2019 16:00:00,114.59
1018,3/15/2019 16:00:00,165.98,3/15/2019 16:00:00,46.53,3/15/2019 16:00:00,115.91
1019,3/18/2019 16:00:00,160.47,3/18/2019 16:00:00,47.01,3/18/2019 16:00:00,117.57
1020,3/19/2019 16:00:00,161.57,3/19/2019 16:00:00,46.63,3/19/2019 16:00:00,117.65
1021,3/20/2019 16:00:00,165.44,3/20/2019 16:00:00,47.04,3/20/2019 16:00:00,117.52
1022,3/21/2019 16:00:00,166.08,3/21/2019 16:00:00,48.77,3/21/2019 16:00:00,120.22
1023,3/22/2019 16:00:00,164.34,3/22/2019 16:00:00,47.76,3/22/2019 16:00:00,117.05
1024,3/25/2019 16:00:00,166.29,3/25/2019 16:00:00,47.19,3/25/2019 16:00:00,117.66
1025,3/26/2019 16:00:00,167.68,3/26/2019 16:00:00,46.7,3/26/2019 16:00:00,117.91
1026,3/27/2019 16:00:00,165.87,3/27/2019 16:00:00,47.12,3/27/2019 16:00:00,116.77
1027,3/28/2019 16:00:00,165.55,3/28/2019 16:00:00,47.18,3/28/2019 16:00:00,116.93
1028,3/29/2019 16:00:00,166.69,3/29/2019 16:00:00,47.49,3/29/2019 16:00:00,117.94
1029,4/1/2019 16:00:00,168.7,4/1/2019 16:00:00,47.81,4/1/2019 16:00:00,119.02
1030,4/2/2019 16:00:00,174.2,4/2/2019 16:00:00,48.51,4/2/2019 16:00:00,119.19
1031,4/3/2019 16:00:00,173.54,4/3/2019 16:00:00,48.84,4/3/2019 16:00:00,119.97
1032,4/4/2019 16:00:00,176.02,4/4/2019 16:00:00,48.92,4/4/2019 16:00:00,119.36
1033,4/5/2019 16:00:00,175.72,4/5/2019 16:00:00,49.25,4/5/2019 16:00:00,119.89
1034,4/8/2019 16:00:00,174.93,4/8/2019 16:00:00,50.03,4/8/2019 16:00:00,119.93
1035,4/9/2019 16:00:00,177.58,4/9/2019 16:00:00,49.88,4/9/2019 16:00:00,119.28
1036,4/10/2019 16:00:00,177.82,4/10/2019 16:00:00,50.16,4/10/2019 16:00:00,120.19
1037,4/11/2019 16:00:00,177.51,4/11/2019 16:00:00,49.74,4/11/2019 16:00:00,120.33
1038,4/12/2019 16:00:00,179.1,4/12/2019 16:00:00,49.72,4/12/2019 16:00:00,120.95
1039,4/15/2019 16:00:00,179.65,4/15/2019 16:00:00,49.81,4/15/2019 16:00:00,121.05
1040,4/16/2019 16:00:00,178.87,4/16/2019 16:00:00,49.81,4/16/2019 16:00:00,120.77
1041,4/17/2019 16:00:00,178.78,4/17/2019 16:00:00,50.78,4/17/2019 16:00:00,121.77
1042,4/18/2019 16:00:00,178.28,4/18/2019 16:00:00,50.97,4/18/2019 16:00:00,123.37
1043,4/22/2019 16:00:00,181.44,4/22/2019 16:00:00,51.13,4/22/2019 16:00:00,123.76
1044,4/23/2019 16:00:00,183.78,4/23/2019 16:00:00,51.87,4/23/2019 16:00:00,125.44
1045,4/24/2019 16:00:00,182.58,4/24/2019 16:00:00,51.79,4/24/2019 16:00:00,125.01
1046,4/25/2019 16:00:00,193.26,4/25/2019 16:00:00,51.32,4/25/2019 16:00:00,129.15
1047,4/26/2019 16:00:00,191.49,4/26/2019 16:00:00,51.08,4/26/2019 16:00:00,129.89
1048,4/29/2019 16:00:00,194.78,4/29/2019 16:00:00,51.15,4/29/2019 16:00:00,129.77
1049,4/30/2019 16:00:00,193.4,4/30/2019 16:00:00,50.17,4/30/2019 16:00:00,130.6
1050,5/1/2019 16:00:00,193.03,5/1/2019 16:00:00,52.63,5/1/2019 16:00:00,127.88